go	Origin accepts empty delimiters	TestOriginRefusesEmptyDelimiters
go	a binding compares the whole configured URL	TestABindingSurvivesAPathOrQueryChangeAndNotAHostOrKindChange,TestAWriteThatKeepsTheDestinationKeepsTheKey,TestAssistantKeyModeBits,TestKeyReadCarriesThisDesksOwnBindingVerdict,TestKeyWriteAndRemovalCarryTheSameVerdict,TestRelayLogsNeitherTheKeyNorTheAddress,TestTheKeyReadReportsWhereTheKeyGoes,TestTheProbeLogsAnOriginAndNothingElse
go	a composed configuration is not bounded before it is staged	TestDeskConfigWriteRefusesAComposedFilePastTheReadBound
go	a configuration write accepts a second value behind the first	TestDeskConfigWriteRefusesAnythingAfterTheObject
go	a configuration write goes round the custody root	TestDeskConfigWriteIsOwnerOnlyAndAtomic,TestDeskConfigWriteRefusesAFileReplacedWhileItWasBeingStaged,TestDeskConfigWriteRefusesAStaleRequestBeforeStaging
go	a configuration write ignores the digest it was given	TestDeskConfigWriteRefusesAFileReplacedWhileItWasBeingStaged,TestDeskConfigWriteRefusesAMismatchedIfMatch,TestDeskConfigWriteRefusesAStaleRequestBeforeStaging,TestDeskConfigWriteSerialisesConcurrentWriters,TestDocumentConfigurationConditionalWrite,TestEveryCodeHasAStatusAndAWitness
go	a configuration write is not decoded before it lands	TestDeskConfigWriteRefusesAProjectFileTheDecoderWouldRefuse,TestDeskConfigWriteRefusesWhatTheDecoderWouldRefuse,TestEveryCodeHasAStatusAndAWitness,TestEveryRefusalThisChassisAuthoredIsMarked
go	a control character in a key is carried	TestAssistantKeyRefusals
go	a duplicate top-level member is collapsed rather than refused	TestDeskConfigWriteRefusesAFileWithADuplicateTopLevelMember
go	a file that is not one whole object is repaired on rewrite	TestAConfirmationIsBoundToItsDesk,TestAConfirmedSetIsLockedAndCopied,TestACreationDoesNotHoldUpOtherDesks,TestACreationWaitsForTheLockAndThenRefuses,TestADeskCustodyCannotKeepAKeyForIsMadeUnsignedAndSaysWhy,TestADeskMadeDuringShutdownIsNotPublished,TestADeskMadeDuringShutdownLeavesNoKey,TestAFailedConfigurationWritePutsBackWhatTheUpgradeWrote,TestAFailedCreationLeavesAnotherDeskAtItsNameUntouched,TestAFailedCreationLeavesItsNeighboursUntouched,TestAFailedLockLeavesNoDesk,TestAFailedUpgradeLockPutsEveryFileBack,TestAFileChangedDuringTheLockPutsThePreviousLockBack,TestAGatedDeskHasNothingToUpgrade,TestAKeyAlreadyKeptUnderTheIdIsNeverTouched,TestAKeyListThatIsNotTheSeedsPassesNoKey,TestAKeyTheRuntimeFailsToGenerateMakesNoDeskAndLeavesNoKey,TestAListOfKeysDeskCannotReadPassesNoKey,TestAListOfKeysSwappedWhileReadIsNotRead,TestALockOfAnythingElseIsPutBack,TestAManifestNotReadNowKeepsItsKey,TestAManifestThatIsNotWholeIsNotAPublication,TestANamedDeskRuntimeReadsOnlyItsOwnConfiguration,TestANewDeskFallsBackToVersion4WhenTheRuntimeCannotRead5,TestANewDeskIsSignedWhereTheRuntimeReads6,TestANewDeskNeedsARuntimeThatReadsVersion4,TestANewDeskNeedsItsRuntime,TestANewDeskRefusesARuntimeThatAnswersTooMuch,TestANewDeskRefusesARuntimeThatHangs,TestANewDeskStartsUnderReviewedLawWithDecidingRunsRecorded,TestAPageMayNominateThisProjectAndMayWithdrawADefault,TestARefusalDeskCannotCheckLeavesTheNextKey,TestARefusedLockPutsThePreviousLockBack,TestAReviewOfAnUnreadableProjectKeepsTheSigningKeyOnlyOnTheStartupDesk,TestARotationDeskCannotTellAboutChangesNothing,TestARotationFromElsewhereIsLeftAsItIs,TestARotationIsMadeOnlyWhereItCanBe,TestARotationRunsItsStepsInOrder,TestARotationTheRuntimeRefusesChangesNothing,TestARotationThroughAReplacedSigningFolderMakesNothing,TestARotationWaitsForTheLockAndThenRefuses,TestARotationsAnswersNameNoPath,TestASigningFolderJpackJSONCannotNameIsNotUsed,TestAStaleConfirmationLocksNothing,TestAStaleUpgradeConfirmationWritesNothing,TestAStoppedCreationLeavesNoKeyPastTheNextStart,TestAStoppedRotationIsFinishedOrUndoneAtTheNextStart,TestASwappedSigningFolderNeverMakesASignedDesk,TestAWriteThatKeepsTheDestinationKeepsTheKey,TestAcceptingTheUpgradeWritesExactlyItsChanges,TestAnAnswerThatIsNotTheRotationAskedForIsNotTakenForOne,TestAnEditDuringTheUpgradeWriteIsNotOverwritten,TestAnEmptyProjectObjectIsRefusedRatherThanTreatedAsAWithdrawal,TestAnExistingAuditDirectoryIsKept,TestAnExistingLockIsSaidToDrift,TestAnInheritedSigningKeyStaysWithTheStartupDesk,TestAnUnfinishedFolderIsLeftAndNamed,TestAnUnsafeCopiesFolderIsNotTrusted,TestAnUpgradeConfirmationIsBoundToItsDesk,TestAnUpgradeConfirmationKeepsTheSigningKeyOnlyOnTheStartupDesk,TestAttachmentBackupRestoresOriginalAndProofAndRefusesSymlinks,TestAttachmentCustodyRetentionAndBackup,TestAttachmentIsolationAndInvalidBytes,TestAttachmentPersonalUploadLimit,TestAttachmentUploadLeavesRoomForChatAndBackup,TestBrokenProjectBindingStillAllowsRestore,TestCancelDoesNotStartALocalCompanionAfterGatewaySwitch,TestCaseBriefCustodyAndBackup,TestComposeDeskFileKeepsTheBytesItWasGiven,TestComposeDeskFileRefusesAFileItCannotCarryAcross,TestConnectionCatalogProcessBoundsAndValidation,TestConnectionCatalogRequiresSessionAndNeverFallsBack,TestConnectionCatalogV3Metadata,TestConnectionControlsDoNotFallbackFromExternalGateway,TestConversationHistoryCustodyAndCompare,TestConversationHistoryGuardsAndShape,TestConversationHistoryProjectIsolation,TestConversationHistoryRejectsUnsafeFiles,TestDeskConfigReportsAnInheritedSigningKeyOnTheStartupDeskOnly,TestDeskConfigReportsTestedReleasesPolicy,TestDeskConfigWriteIsOwnerOnlyAndAtomic,TestDeskConfigWriteKeepsEveryOtherMemberByteForByte,TestDeskConfigWriteRefusesAComposedFilePastTheReadBound,TestDeskConfigWriteRefusesAFileReplacedWhileItWasBeingStaged,TestDeskConfigWriteRefusesAFileThatIsNotOneWholeObject,TestDeskConfigWriteRefusesAProjectFileTheDecoderWouldRefuse,TestDeskConfigWriteRefusesAStaleRequestBeforeStaging,TestDeskConfigWriteRefusesWhatTheDecoderWouldRefuse,TestDeskConfigWriteReplacesOnlyTheMembersItWasSent,TestDeskConfigWriteRoundTrips,TestDeskConfigWriteSerialisesConcurrentWriters,TestDesksBeingMadeCountTowardTheBound,TestDocumentConfigurationConditionalWrite,TestDraftPacksIndependentCustodyAndBackup,TestEachDeskIsCheckedInItsOwnFolder,TestEachDesksRunnerIsNamedAKeyOfItsOwn,TestGenericResourceProofRetainedByAttachmentStorage,TestGmailRoutesStayAuthenticatedAndCannotFallback,TestJobEventResultForwardsOnlyTheParsedRead,TestLocalPlanLaunchesNewSourceOnlyFromInstalledManifest,TestMissingLinkedHistoryCannotBecomeEmpty,TestNamedDeskGuardsAndRestart,TestNamedDeskMovesWithItsConversationData,TestNamedDesksKeepFilesAndArtifactsSeparate,TestNoPartOfTheKeysPathIsPassedOn,TestNoRotationPastTheKeyListsBound,TestNothingIsLockedWithoutAConfirmation,TestNothingIsUpgradedWithoutAConfirmation,TestOnlyTheExactSpellingThisDeskReportedIsAccepted,TestPackTestsIndependentCustodyAndBackup,TestProjectHistoryNeverMergesOrUsesStalePreview,TestProjectHistoryRelocationSurvivesMoveAndBackup,TestRequireComparableFactsCanBeDeclinedAlone,TestReviewedCopiesAreNotKeptThroughALink,TestRunnerBackgroundConnectionsFile,TestRunnerCloudSubscriptionsBelongToOneDesk,TestRunnerRequireTestedReleasesReachesBootLine,TestSourceReviewsIndependentCustodyAndBackup,TestStorageBackupRejectsCorruptionAndNeverActivates,TestStorageBackupRestoreCleanProfile,TestStorageBlocksRelocationDuringRelayRequests,TestStorageCanceledAndInterruptedCopy,TestStorageDefaultAndLegacy,TestStorageGuardsAndInvalidPointer,TestStorageMoveAllProjectsAndFreshWriters,TestStorageMoveRefusalsPreserveOriginal,TestStorageWorkLockAllowsCheckpointWrites,TestTheAuditFolderIsNotMadeThroughASubstitutedLink,TestTheBytesShownAreTheBytesConfirmed,TestTheDecisionRecordIsUnavailableWhereTheReviewIs,TestTheDecisionRecordRunsAuditVerifyWithNoHeldInput,TestTheDesksSweepAndARunnerKeyExcludeEachOther,TestTheFirstLockShowsEveryFile,TestTheListOfKeysIsHeldToTheSidecar,TestTheLockIsHeldFromTheFirstLookToTheLastChange,TestThePanelPassesTheKeyDeskKeepsWithTheSeedsOwn,TestThePanelShowsTheRuntimesWordOnTheKey,TestThePanelsCommandsKeepTheSigningKeyOnlyOnTheStartupDesk,TestTheRecoveryChangesNothingWhileTheLockIsHeld,TestTheRecoveryRemovesOnlyWhatItInspected,TestTheReviewCommandsKeepTheSigningKeyOnlyOnTheStartupDesk,TestTheReviewNamesWhatTheLockPinsForEachId,TestTheReviewOnTheStartupDeskAndANamedDesk,TestTheReviewsRetargetSequenceReachesTheAttackerWithNothing,TestTheRunnerKeyRouteIsGuardedAndAnswersEachDesk,TestTheSigningFolderIsHeldToCustody,TestTheStartActsOnlyOnADesksOwnMarker,TestTheSweepRemovesNothingWhileTheLockIsHeld,TestTheSweepRemovesOnlyWhatItInspected,TestTheTrailIsHandedOverAsExactBytes,TestTheUpgradeAndGitignore,TestTheUpgradeGoesThroughNoLink,TestTheUpgradeOffersOnlyWhatTheRuntimeReads,TestTheUpgradeOnTheStartupDeskAndANamedDesk,TestTwoFirstCreationsAtOnceAreBothSigned,TestUnavailableConnectionControlCannotReportConfigurationSuccess,TestUnfinishedFoldersDoNotHoldTheRegistryShut,TestWhatChangedWhileARotationFinishedIsNotWrittenOver,TestWhereDeskKeepsNoKeyNoneIsPassed,TestWithNoLockTheStartRemovesNothing
go	a key of any size is accepted	TestAssistantKeyAtTheSizeBoundary,TestAssistantKeyRefusals
go	a probe runs with no key to present	TestEveryCodeHasAStatusAndAWitness,TestProbeRefusesWithoutAKey
go	a refused configuration still authorises a probe	TestARefusedFileSendsNothing,TestConfiguredEndpointRefusals
go	a refused credential is reported as reachable	TestProbeDiagnosticsComeFromTheClosedVocabulary,TestProbeDoesNotFollowARedirect,TestProbeNeverRepeatsWhatTheEndpointWrote,TestProbeReportsARefusedCredential
go	a relative XDG_CONFIG_HOME is honoured	TestConfigDirHonoursXDG
go	a retained member is reflowed rather than copied	TestDeskConfigWriteKeepsEveryOtherMemberByteForByte,TestDocumentConfigurationConditionalWrite
go	a rewrite drops the other members of the file	TestComposeDeskFileKeepsTheBytesItWasGiven,TestConnectionCatalogProcessBoundsAndValidation,TestConnectionCatalogV3Metadata,TestDeskConfigWriteKeepsEveryOtherMemberByteForByte,TestDeskConfigWriteRefusesAComposedFilePastTheReadBound,TestDeskConfigWriteReplacesOnlyTheMembersItWasSent,TestDocumentConfigurationConditionalWrite,TestLocalPlanLaunchesNewSourceOnlyFromInstalledManifest
go	a session id is accepted on the upgrade's header	TestOnlyTheOfferCarriesASessionOntoTheUpgrade
go	a short key is fingerprinted into the open	TestAssistantFingerprintRefusesToDiscloseAShortKey,TestRelayTakesALongKeyOutOfAnAnswerWhereverItSits
go	a write across a host change reports no new key is needed	TestTheReviewsRetargetSequenceReachesTheAttackerWithNothing
go	an absent desk-level file is a refusal	TestARunnerThatRefusesItsKeyStartsWithout,TestAWrittenDefaultProjectIsTheOneTheNextLaunchOpens,TestDeskConfigRead,TestDeskConfigReadCarriesTheDigestItsWriteWillQuote,TestDeskConfigReadCarriesTheProjectAndRuntimeItWasLaunchedWith,TestDeskConfigReportsAnInheritedSigningKeyOnTheStartupDeskOnly,TestDeskConfigReportsTestedReleasesPolicy,TestDeskConfigWriteRefusesABodyNamingNeitherMember,TestEachDesksRunnerIsNamedAKeyOfItsOwn,TestNoRouteEverSetsASessionCookie,TestTheBearerAuthorizesEveryGatedRoute,TestTheReportedProjectDirIsTheResolvedOne,TestTheReviewsRootNominationDoesNotSurviveIntoTheNextLaunch
go	an adopted project root is not detached from its caller	TestACopyMadeBeforeTheHandOverCannotCloseTheServersDescriptors,TestAHandedRootCannotBeClosedOutFromUnderTheServer,TestTheServerReleasesThePinnedRootExactlyOnce
go	an already-stale write is staged before it is refused	TestDeskConfigWriteRefusesAStaleRequestBeforeStaging
go	an empty key is stored	TestAssistantKeyRefusals
go	an escaped path is re-encoded on the way out	TestAProbeAddressKeepsAnEscapedPathEscaped,TestAnEscapedPathSurvivesDecodingAndTheProbe,TestRelayAppendsTheSuffixToTheConfiguredPath
go	an omitted digest is read as the empty sentinel	TestADeskLevelWriteStatesItsDigestOrIsRefused
go	an unsent member is written as well as the one that was sent	TestADeskLevelWriteStatesItsDigestOrIsRefused,TestAPageMayNominateThisProjectAndMayWithdrawADefault,TestAWriteThatKeepsTheDestinationKeepsTheKey,TestAWrittenDefaultProjectIsTheOneTheNextLaunchOpens,TestAnEmptyProjectObjectIsRefusedRatherThanTreatedAsAWithdrawal,TestComposeDeskFileKeepsTheBytesItWasGiven,TestDeskConfigWriteCreatesAFileWhereThereWasNone,TestDeskConfigWriteIsOwnerOnlyAndAtomic,TestDeskConfigWriteKeepsEveryOtherMemberByteForByte,TestDeskConfigWriteRefusesAFileReplacedWhileItWasBeingStaged,TestDeskConfigWriteRefusesAMismatchedIfMatch,TestDeskConfigWriteRefusesAProjectFileTheDecoderWouldRefuse,TestDeskConfigWriteRefusesAStaleRequestBeforeStaging,TestDeskConfigWriteReplacesOnlyTheMembersItWasSent,TestDeskConfigWriteRoundTrips,TestDeskConfigWriteSerialisesConcurrentWriters,TestDocumentConfigurationConditionalWrite,TestOnlyTheExactSpellingThisDeskReportedIsAccepted,TestTheReviewsRetargetSequenceReachesTheAttackerWithNothing
go	an unstated project file is treated as a withdrawal	TestAnEmptyProjectObjectIsRefusedRatherThanTreatedAsAWithdrawal
go	audit: a configuration Desk cannot read keeps no trail	TestAProjectThatKeepsNoTrailRunsNothing
go	audit: a discontinuity's reason is passed on with its paths	TestThePanelQuotesNoPath
go	audit: a failed packs schema reads as an older runtime	TestAFailedSchemaIsAnErrorAndNotAnOlderRuntime,TestTheDecisionRecordIsUnavailableWhereTheReviewIs
go	audit: a line separator is not taken as the runtime prints it	TestAPathIsTakenAsTheRuntimePrintsIt,TestARotationsAnswersNameNoPath,TestNoPartOfTheKeysPathIsPassedOn,TestTheAuditDirectoryIsNeverQuoted,TestThePanelNeverSaysAFolderOnAnInheritedKeysPath
go	audit: a missing count reads as zero	TestAnAnswerTheRuntimeDoesNotDocumentIsAnError
go	audit: a missing verify is not read as absence	TestTheDecisionRecordSaysWhenTheRuntimeHasNoAuditCommands
go	audit: a named desk is checked in the startup desk's folder	TestARotationRunsItsStepsInOrder,TestARotationTheRuntimeRefusesChangesNothing,TestARotationWaitsForTheLockAndThenRefuses,TestAStoppedRotationIsFinishedOrUndoneAtTheNextStart,TestEachDeskIsCheckedInItsOwnFolder,TestTheDecisionRecordIsUnavailableWhereTheReviewIs,TestTheLockIsHeldFromTheFirstLookToTheLastChange,TestThePanelsCommandsKeepTheSigningKeyOnlyOnTheStartupDesk,TestTheRecoveryChangesNothingWhileTheLockIsHeld,TestWhatChangedWhileARotationFinishedIsNotWrittenOver,TestWithNoLockTheStartRemovesNothing
go	audit: a negative count is shown	TestAnAnswerTheRuntimeDoesNotDocumentIsAnError,TestTheSignaturesTheRuntimeReadAreShown
go	audit: a paragraph separator is not taken as the runtime prints it	TestAPathIsTakenAsTheRuntimePrintsIt,TestTheAuditDirectoryIsNeverQuoted
go	audit: a path as the runtime displays it is not taken	TestTheAuditDirectoryIsNeverQuoted
go	audit: a path not configured is passed on	TestARefusalTheRuntimeExplainsIsShownInItsWords,TestThePanelQuotesNoPath,TestTheRuntimesOwnWordsStayInDesksLog
go	audit: a path to a runtime file is cut at its first space	TestAMessageNamesNoAbsolutePath,TestThePanelQuotesNoPath
go	audit: a path to a runtime file runs across a clause	TestThePanelQuotesNoPath
go	audit: a project that keeps no trail has the runtime run	TestAProjectThatKeepsNoTrailRunsNothing,TestThePanelNamesTheFilesThereAreToDownload
go	audit: a protection with no status is shown	TestAnAnswerTheRuntimeDoesNotDocumentIsAnError
go	audit: a public key is passed where Desk keeps none	TestAKeyListThatIsNotTheSeedsPassesNoKey,TestAListOfKeysDeskCannotReadPassesNoKey,TestAListOfKeysSwappedWhileReadIsNotRead,TestARotationRunsItsStepsInOrder,TestTheDecisionRecordIsHeldToTheCheckpointsHandedOver,TestTheDecisionRecordIsUnavailableWhereTheReviewIs,TestTheDecisionRecordRunsAuditVerifyWithNoHeldInput,TestTheDecisionRecordSaysWhenTheRuntimeHasNoAuditCommands,TestTheListOfKeysIsHeldToTheSidecar,TestThePanelPassesTheKeyDeskKeepsWithTheSeedsOwn,TestThePanelsCommandsKeepTheSigningKeyOnlyOnTheStartupDesk,TestWhatChangedWhileARotationFinishedIsNotWrittenOver,TestWhereDeskKeepsNoKeyNoneIsPassed
go	audit: a reader's demand is passed	TestAHeldFileThatCannotBeReadIsPassedOverAndNamed,TestAKeyListThatIsNotTheSeedsPassesNoKey,TestAListOfKeysDeskCannotReadPassesNoKey,TestAListOfKeysSwappedWhileReadIsNotRead,TestTheDecisionRecordIsHeldToTheCheckpointsHandedOver,TestTheDecisionRecordIsUnavailableWhereTheReviewIs,TestTheDecisionRecordRunsAuditVerifyWithNoHeldInput,TestTheDecisionRecordSaysWhenTheRuntimeHasNoAuditCommands,TestThePanelPassesTheKeyDeskKeepsWithTheSeedsOwn,TestThePanelsCommandsKeepTheSigningKeyOnlyOnTheStartupDesk,TestWhereDeskKeepsNoKeyNoneIsPassed
go	audit: a redacted path keeps its last name	TestAMessageNamesNoAbsolutePath,TestThePanelQuotesNoPath
go	audit: a refusal for the root command is an error	TestARefusalTheRuntimeExplainsIsShownInItsWords
go	audit: a refusal that exits 0 is shown	TestAnAnswerTheRuntimeDoesNotDocumentIsAnError
go	audit: a refusal that exits 1 is an error	TestARefusalTheRuntimeExplainsIsShownInItsWords
go	audit: a refusal with no words is shown	TestAnAnswerTheRuntimeDoesNotDocumentIsAnError
go	audit: a report's list missing is shown	TestAnAnswerTheRuntimeDoesNotDocumentIsAnError
go	audit: a report's status is not held to its exit	TestAnAnswerTheRuntimeDoesNotDocumentIsAnError
go	audit: a runtime without audit verify is an error	TestTheDecisionRecordSaysWhenTheRuntimeHasNoAuditCommands
go	audit: a shorter span is replaced first	TestAuditDirSpansAreTheRuntimesNamesLongestFirst
go	audit: absence is read beside other diagnostics	TestARefusalTheRuntimeExplainsIsShownInItsWords
go	audit: absence is read on any exit	TestARefusalTheRuntimeExplainsIsShownInItsWords
go	audit: absence is read under any code	TestARefusalTheRuntimeExplainsIsShownInItsWords
go	audit: an absolute audit directory on its own is passed on	TestTheAuditDirectoryIsNeverQuoted
go	audit: an empty audit directory counts as one	TestAProjectThatKeepsNoTrailRunsNothing
go	audit: an error quotes a configured path	TestTheDecisionRecordIsUnavailableWhereTheReviewIs
go	audit: an older runtime's answer drops its version	TestTheDecisionRecordSaysWhenTheRuntimeHasNoAuditCommands
go	audit: another configuration version is taken as the sign	TestTheDecisionRecordSaysWhenTheRuntimeHasNoAuditCommands,TestTheHandOverOffersNothingWhereTheRecordDoesNot,TestThePanelNamesTheFilesThereAreToDownload
go	audit: any invocation error reads as absence	TestARefusalTheRuntimeExplainsIsShownInItsWords
go	audit: available on the startup desk under another JPACK_CONFIG	TestTheDecisionRecordIsUnavailableWhereTheReviewIs
go	audit: every answer is logged	TestTheRuntimesOwnWordsStayInDesksLog
go	audit: exit 1 is not read as a report	TestAFailedCheckIsReadAsAReport,TestAnAnswerTheRuntimeDoesNotDocumentIsAnError,TestEachDeskIsCheckedInItsOwnFolder,TestTheDecisionRecordRunsAuditVerifyWithNoHeldInput,TestThePanelQuotesNoPath
go	audit: findings that disagree with the status are shown	TestAnAnswerTheRuntimeDoesNotDocumentIsAnError
go	audit: more discontinuities than their total are shown	TestAnAnswerTheRuntimeDoesNotDocumentIsAnError
go	audit: more findings than their total are shown	TestAnAnswerTheRuntimeDoesNotDocumentIsAnError
go	audit: more segments than their total are shown	TestAnAnswerTheRuntimeDoesNotDocumentIsAnError
go	audit: the audit directory is not replaced whole	TestTheAuditDirectoryIsNeverQuoted,TestTheHandOverQuotesNoPath,TestThePanelQuotesNoPath
go	audit: the capability check is skipped	TestTheDecisionRecordSaysWhenTheRuntimeHasNoAuditCommands,TestThePanelNamesTheFilesThereAreToDownload
go	audit: the configuration is not named	TestAKeyListThatIsNotTheSeedsPassesNoKey,TestAListOfKeysDeskCannotReadPassesNoKey,TestAListOfKeysSwappedWhileReadIsNotRead,TestTheDecisionRecordIsHeldToTheCheckpointsHandedOver,TestTheDecisionRecordIsUnavailableWhereTheReviewIs,TestTheDecisionRecordRunsAuditVerifyWithNoHeldInput,TestTheDecisionRecordSaysWhenTheRuntimeHasNoAuditCommands,TestThePanelPassesTheKeyDeskKeepsWithTheSeedsOwn,TestThePanelsCommandsKeepTheSigningKeyOnlyOnTheStartupDesk,TestWhereDeskKeepsNoKeyNoneIsPassed
go	audit: the legacy prefix is dropped	TestEveryCoverageCountIsTheRuntimes
go	audit: the panel's answer is passed on with its paths	TestAKeyListThatIsNotTheSeedsPassesNoKey,TestARefusalTheRuntimeExplainsIsShownInItsWords,TestARotationsAnswersNameNoPath,TestNoPartOfTheKeysPathIsPassedOn,TestTheAuditDirectoryIsNeverQuoted,TestThePanelNeverSaysAFolderOnAnInheritedKeysPath,TestThePanelNeverSaysAnInheritedKeysPath,TestThePanelQuotesNoPath,TestThePanelShowsTheRuntimesWordOnTheKey,TestTheRuntimesOwnWordsStayInDesksLog
go	audit: the panel's route is not served	TestAFailedCheckIsReadAsAReport,TestAFailedSchemaIsAnErrorAndNotAnOlderRuntime,TestAHardLinkedFileIsRefused,TestAHeldFileThatCannotBeReadIsPassedOverAndNamed,TestAKeyListThatIsNotTheSeedsPassesNoKey,TestAListOfKeysDeskCannotReadPassesNoKey,TestAListOfKeysSwappedWhileReadIsNotRead,TestAProjectThatKeepsNoTrailRunsNothing,TestARefusalDeskCannotCheckLeavesTheNextKey,TestARefusalTheRuntimeExplainsIsShownInItsWords,TestARotationDeskCannotTellAboutChangesNothing,TestARotationFromElsewhereIsLeftAsItIs,TestARotationIsMadeOnlyWhereItCanBe,TestARotationRunsItsStepsInOrder,TestARotationTheRuntimeRefusesChangesNothing,TestARotationThroughAReplacedSigningFolderMakesNothing,TestARotationWaitsForTheLockAndThenRefuses,TestARotationsAnswersNameNoPath,TestAStoppedRotationIsFinishedOrUndoneAtTheNextStart,TestAnAnswerThatIsNotTheRotationAskedForIsNotTakenForOne,TestAnAnswerTheRuntimeDoesNotDocumentIsAnError,TestEachDeskIsCheckedInItsOwnFolder,TestEveryCoverageCountIsTheRuntimes,TestNoPartOfTheKeysPathIsPassedOn,TestNoRotationPastTheKeyListsBound,TestTheAuditDirectoryIsNeverQuoted,TestTheDecisionRecordIsHeldToTheCheckpointsHandedOver,TestTheDecisionRecordIsUnavailableWhereTheReviewIs,TestTheDecisionRecordRunsAuditVerifyWithNoHeldInput,TestTheDecisionRecordSaysWhenTheRuntimeHasNoAuditCommands,TestTheListOfKeysIsHeldToTheSidecar,TestTheLockIsHeldFromTheFirstLookToTheLastChange,TestThePanelNamesTheFilesThereAreToDownload,TestThePanelNeverSaysAFolderOnAnInheritedKeysPath,TestThePanelNeverSaysAnInheritedKeysPath,TestThePanelPassesTheKeyDeskKeepsWithTheSeedsOwn,TestThePanelQuotesNoPath,TestThePanelShowsTheRuntimesWordOnTheKey,TestThePanelsCommandsKeepTheSigningKeyOnlyOnTheStartupDesk,TestTheRecoveryChangesNothingWhileTheLockIsHeld,TestTheRecoveryRemovesOnlyWhatItInspected,TestTheRuntimesOwnWordsStayInDesksLog,TestTheSignaturesTheRuntimeReadAreShown,TestWhatChangedWhileARotationFinishedIsNotWrittenOver,TestWhereDeskKeepsNoKeyNoneIsPassed,TestWithNoLockTheStartRemovesNothing
go	audit: the refusal quotes JPACK_CONFIG's value	TestAMissingTrailFileIsSaidToBeMissing,TestTheDecisionRecordIsUnavailableWhereTheReviewIs
go	audit: the refusal speaks of the review	TestAMissingTrailFileIsSaidToBeMissing,TestTheDecisionRecordIsUnavailableWhereTheReviewIs
go	audit: the report does not say which runtime made it	TestARefusalTheRuntimeExplainsIsShownInItsWords
go	audit: the runtime's refusal is an error	TestARefusalTheRuntimeExplainsIsShownInItsWords,TestTheAuditDirectoryIsNeverQuoted,TestThePanelNamesTheFilesThereAreToDownload,TestThePanelQuotesNoPath,TestTheRuntimesOwnWordsStayInDesksLog
go	audit: the runtime's words are not kept in the log	TestTheRuntimesOwnWordsStayInDesksLog
go	audit: the runtime's working directory is not a base	TestAuditDirSpansAreTheRuntimesNamesLongestFirst
go	audit: through no sequence is shown	TestAnAnswerTheRuntimeDoesNotDocumentIsAnError
go	audit: unchained lines are dropped	TestEveryCoverageCountIsTheRuntimes
go	audit: what the report does not establish is passed on with its paths	TestThePanelQuotesNoPath
go	component versions: digest-approved Gateway reported as checked	TestDigestApprovedGatewayRevisionIsNotReportedAsChecked
go	component versions: source worker borrows Runner's identity	TestSourceWorkerIdentityIsReadBesideRunnerAndNeverBorrowed
go	component versions: source worker read beside Runtime	TestSourceWorkerIdentityIsReadBesideRunnerAndNeverBorrowed
go	createParents resolves a pathname instead of the pinned root	TestRetargetedProjectRootIsNotAdopted
go	hand-over: a checkpoint of another trail is served	TestALineThatIsNotTheNextCheckpointServesNothing
go	hand-over: a checkpoint out of order is served	TestALineThatIsNotTheNextCheckpointServesNothing
go	hand-over: a checkpoint with a member too many is read	TestALineThatIsNotTheNextCheckpointServesNothing
go	hand-over: a confirmation from another cursor is recorded	TestAStaleConfirmationRecordsNothing,TestConfirmationsAreOneAtATime
go	hand-over: a confirmation is not timed by Desk's clock	TestAConfirmationRecordsExactlyWhatWasDownloaded
go	hand-over: a confirmation of other bytes is recorded	TestAStaleConfirmationRecordsNothing
go	hand-over: a confirmation with no chained record is not stale	TestAStaleConfirmationRecordsNothing
go	hand-over: a control character is kept	TestAHoldersWordsAreBounded
go	hand-over: a failed creation leaves the hand-over folder	TestACreationWaitsForTheLockAndThenRefuses,TestADeskMadeDuringShutdownIsNotPublished,TestAFailedCreationLeavesAnotherDeskAtItsNameUntouched,TestAFailedCreationLeavesItsNeighboursUntouched,TestAFailedLockLeavesNoDesk,TestAKeyAlreadyKeptUnderTheIdIsNeverTouched,TestAKeyTheRuntimeFailsToGenerateMakesNoDeskAndLeavesNoKey,TestANewDeskNeedsARuntimeThatReadsVersion4,TestANewDeskNeedsItsRuntime,TestANewDeskRefusesARuntimeThatAnswersTooMuch,TestANewDeskRefusesARuntimeThatHangs,TestASwappedSigningFolderNeverMakesASignedDesk,TestAnUnfinishedFolderIsLeftAndNamed,TestNoPartOfTheKeysPathIsPassedOn
go	hand-over: a folder open to others is used	TestTheHandOverFolderIsOwnerOnly
go	hand-over: a format character is kept	TestAHoldersWordsAreBounded
go	hand-over: a full batch is taken for the last	TestCheckpointsAreAskedForInBatchesAndBounded
go	hand-over: a hand-over folder Desk cannot open is said as none	TestARecordOfHandOversDeskCannotReadIsSaid
go	hand-over: a held file is passed on its metadata alone	TestAHeldFileThatCannotBeReadIsPassedOverAndNamed,TestAHeldFileThatIsNotWhatWasHandedOverIsPassedOverAndNamed
go	hand-over: a held file of another trail is passed	TestAHeldFileThatIsNotWhatWasHandedOverIsPassedOverAndNamed
go	hand-over: a held file out of order is passed	TestAHeldFileThatIsNotWhatWasHandedOverIsPassedOverAndNamed
go	hand-over: a held file passed over is not named	TestAHeldFileThatCannotBeReadIsPassedOverAndNamed,TestAHeldFileThatIsNotWhatWasHandedOverIsPassedOverAndNamed
go	hand-over: a held file that cannot be read is passed	TestAHeldFileThatCannotBeReadIsPassedOverAndNamed,TestAHeldFileThatIsNotWhatWasHandedOverIsPassedOverAndNamed,TestTheDecisionRecordIsHeldToTheCheckpointsHandedOver
go	hand-over: a held file that ends elsewhere than its record is passed	TestAHeldFileThatIsNotWhatWasHandedOverIsPassedOverAndNamed
go	hand-over: a held file with no last newline is passed	TestAHeldFileThatIsNotWhatWasHandedOverIsPassedOverAndNamed
go	hand-over: a held file's last batch is not checked	TestAHeldFileThatIsNotWhatWasHandedOverIsPassedOverAndNamed
go	hand-over: a held file's last batch is read from its start	TestAConfirmationRecordsExactlyWhatWasDownloaded,TestAHeldFileThatIsNotWhatWasHandedOverIsPassedOverAndNamed
go	hand-over: a holder of a trail moved aside is not said	TestAHolderStartsAt0ForATrailMovedAside
go	hand-over: a holder's file that disagrees is written to	TestTheHoldersFileIsOnlyAppendedTo
go	hand-over: a holder's record past its bound is written	TestAHoldersRecordIsWrittenWithinTheBoundItIsReadWith
go	hand-over: a holder's words are not trimmed	TestAHolderIsAddedInTheOwnersWords,TestAHoldersWordsAreBounded
go	hand-over: a label past its bound is kept	TestAHoldersWordsAreBounded
go	hand-over: a last line with no newline is served	TestALineThatIsNotTheNextCheckpointServesNothing
go	hand-over: a line separator is kept	TestAHoldersWordsAreBounded
go	hand-over: a line that is not a checkpoint is served	TestALineThatIsNotTheNextCheckpointServesNothing
go	hand-over: a line's newline is dropped	TestAConfirmationRecordsExactlyWhatWasDownloaded,TestAHolderStartsAt0ForATrailMovedAside,TestAStaleConfirmationRecordsNothing,TestCheckpointsAreAskedForInBatchesAndBounded,TestCheckpointsAreHandedOverAsTheRuntimePrintedThem,TestCheckpointsEndAtTheRecordReadFirst,TestConfirmationsAreOneAtATime,TestEachHolderHasACursorOfItsOwn,TestTheHoldersFileIsOnlyAppendedTo
go	hand-over: a link is followed to the folder	TestTheHandOverFolderIsOwnerOnly
go	hand-over: a list of holders Desk cannot read is said as none	TestARecordOfHandOversDeskCannotReadIsSaid
go	hand-over: a list of holders one byte past its bound is written	TestTheListOfHoldersIsWrittenWithinTheBoundItIsReadWith
go	hand-over: a list of holders past its bound is written	TestTheListOfHoldersIsWrittenWithinTheBoundItIsReadWith
go	hand-over: a new desk has no hand-over folder	TestADeskCustodyCannotKeepAKeyForIsMadeUnsignedAndSaysWhy,TestANewDeskFallsBackToVersion4WhenTheRuntimeCannotRead5,TestANewDeskIsSignedWhereTheRuntimeReads6,TestANewDeskStartsUnderReviewedLawWithDecidingRunsRecorded,TestTheUpgradeOnTheStartupDeskAndANamedDesk
go	hand-over: a new folder does not ignore itself in Git	TestAHolderIsAddedInTheOwnersWords
go	hand-over: a record of another trail is counted against this one	TestAHolderStartsAt0ForATrailMovedAside
go	hand-over: a record with no file is not named	TestAHeldFileThatIsNotWhatWasHandedOverIsPassedOverAndNamed
go	hand-over: a runtime's refusal names a path	TestTheHandOverQuotesNoPath
go	hand-over: a trail not written yet is said as a refusal	TestNothingIsHandedOverWithoutACheckpoint
go	hand-over: a trail shorter than what was handed over is read	TestEachHolderHasACursorOfItsOwn
go	hand-over: a trail that cannot be opened is taken for none	TestNothingIsHandedOverWithoutACheckpoint,TestTheHandOverQuotesNoPath
go	hand-over: a trail that ends early is served	TestALineThatIsNotTheNextCheckpointServesNothing
go	hand-over: a trail the runtime does not name is said as none	TestARecordOfHandOversDeskCannotReadIsSaid
go	hand-over: a trail the runtime refuses is said as none	TestARecordOfHandOversDeskCannotReadIsSaid
go	hand-over: an answer the runtime does not document is read	TestNothingIsHandedOverWithoutACheckpoint
go	hand-over: checkpoints past the record read first are served	TestATrailThatSkipsTheRecordReadFirstServesNothing
go	hand-over: confirmations are not one at a time	TestConfirmationsAreOneAtATime
go	hand-over: every file a holder keeps is passed	TestTheDecisionRecordIsHeldToTheCheckpointsHandedOver
go	hand-over: no chained record is said as a refusal	TestAStaleConfirmationRecordsNothing,TestNothingIsHandedOverWithoutACheckpoint
go	hand-over: nothing new is not said	TestAConfirmationRecordsExactlyWhatWasDownloaded
go	hand-over: offered where no trail is kept	TestTheHandOverOffersNothingWhereTheRecordDoesNot
go	hand-over: offered with a runtime that has no audit commands	TestTheHandOverOffersNothingWhereTheRecordDoesNot
go	hand-over: records since are not counted from the record	TestAConfirmationRecordsExactlyWhatWasDownloaded,TestEachHolderHasACursorOfItsOwn
go	hand-over: the batches are not bounded	TestCheckpointsAreAskedForInBatchesAndBounded
go	hand-over: the bytes are encoded again	TestAConfirmationRecordsExactlyWhatWasDownloaded,TestAHolderStartsAt0ForATrailMovedAside,TestCheckpointsAreAskedForInBatchesAndBounded,TestCheckpointsAreHandedOverAsTheRuntimePrintedThem,TestCheckpointsEndAtTheRecordReadFirst,TestConfirmationsAreOneAtATime,TestEachHolderHasACursorOfItsOwn,TestTheHoldersFileIsOnlyAppendedTo
go	hand-over: the cursor is not the holder's record	TestAConfirmationRecordsExactlyWhatWasDownloaded,TestAStaleConfirmationRecordsNothing,TestCheckpointsAreAskedForInBatchesAndBounded,TestEachHolderHasACursorOfItsOwn,TestTheHoldersFileIsOnlyAppendedTo
go	hand-over: the decision record is given no held checkpoint	TestAHeldFileThatCannotBeReadIsPassedOverAndNamed,TestAHeldFileThatIsNotWhatWasHandedOverIsPassedOverAndNamed,TestTheDecisionRecordIsHeldToTheCheckpointsHandedOver
go	hand-over: the digest header is not the bytes' own	TestAConfirmationRecordsExactlyWhatWasDownloaded,TestAHeldFileThatCannotBeReadIsPassedOverAndNamed,TestAHolderStartsAt0ForATrailMovedAside,TestAStaleConfirmationRecordsNothing,TestCheckpointsAreAskedForInBatchesAndBounded,TestCheckpointsAreHandedOverAsTheRuntimePrintedThem,TestConfirmationsAreOneAtATime,TestEachHolderHasACursorOfItsOwn,TestTheDecisionRecordIsHeldToTheCheckpointsHandedOver,TestTheFileAPIRefusesTheHandOver,TestTheHoldersFileIsOnlyAppendedTo
go	hand-over: the file API reads the record of hand-overs	TestNamedDesksKeepFilesAndArtifactsSeparate,TestTheFileAPIRefusesTheHandOver
go	hand-over: the holder's file is written over	TestAConfirmationRecordsExactlyWhatWasDownloaded,TestTheHoldersFileIsOnlyAppendedTo
go	hand-over: the holders are not bounded	TestAHoldersWordsAreBounded
go	hand-over: the holders' answer names a path	TestTheHandOverQuotesNoPath
go	hand-over: the next batch is asked from the cursor again	TestCheckpointsAreAskedForInBatchesAndBounded
go	hand-over: the panel does not say checkpoints were passed	TestAConfirmationRecordsExactlyWhatWasDownloaded,TestAHeldFileThatCannotBeReadIsPassedOverAndNamed,TestAHeldFileThatIsNotWhatWasHandedOverIsPassedOverAndNamed,TestARecordOfHandOversDeskCannotReadIsSaid,TestTheDecisionRecordIsHeldToTheCheckpointsHandedOver
go	hand-over: the panel does not say whose file it passed over	TestAHeldFileThatCannotBeReadIsPassedOverAndNamed,TestAHeldFileThatIsNotWhatWasHandedOverIsPassedOverAndNamed
go	hand-over: the panel is not told why nothing was passed	TestARecordOfHandOversDeskCannotReadIsSaid
go	hand-over: the panel passes no held checkpoint	TestAHeldFileThatCannotBeReadIsPassedOverAndNamed,TestAHeldFileThatIsNotWhatWasHandedOverIsPassedOverAndNamed,TestTheDecisionRecordIsHeldToTheCheckpointsHandedOver
go	hand-over: the panel's word on the record names a path	TestARecordOfHandOversDeskCannotReadIsSaid
go	hand-over: the record does not keep where the last batch starts	TestAConfirmationRecordsExactlyWhatWasDownloaded
go	hand-over: the record is not written	TestAConfirmationRecordsExactlyWhatWasDownloaded,TestAHolderStartsAt0ForATrailMovedAside,TestAStaleConfirmationRecordsNothing,TestCheckpointsAreAskedForInBatchesAndBounded,TestConfirmationsAreOneAtATime,TestEachHolderHasACursorOfItsOwn
go	hand-over: the record moves to another record	TestAConfirmationRecordsExactlyWhatWasDownloaded,TestAHeldFileThatCannotBeReadIsPassedOverAndNamed,TestAHeldFileThatIsNotWhatWasHandedOverIsPassedOverAndNamed,TestAHolderStartsAt0ForATrailMovedAside,TestARecordOfHandOversDeskCannotReadIsSaid,TestAStaleConfirmationRecordsNothing,TestCheckpointsAreAskedForInBatchesAndBounded,TestEachHolderHasACursorOfItsOwn,TestTheDecisionRecordIsHeldToTheCheckpointsHandedOver
go	hand-over: what a stopped confirmation wrote is appended again	TestTheHoldersFileIsOnlyAppendedTo
go	jobs journal (cursor): a cursor past Runner's 18 digits forwarded	TestJobsForwardsAJobsJournalWithItsCursorAlone
go	jobs journal (cursor): a cursor that only begins with digits forwarded	TestJobsForwardsAJobsJournalWithItsCursorAlone
go	jobs journal (cursor): a query that does not parse read leniently	TestJobsForwardsAJobsJournalWithItsCursorAlone
go	jobs journal (cursor): a repeated cursor read as its first	TestJobsForwardsAJobsJournalWithItsCursorAlone
go	jobs journal (cursor): an empty cursor forwarded	TestJobsForwardsAJobsJournalWithItsCursorAlone
go	jobs journal (cursor): no cursor refused rather than read as the start	TestJobsForwardsAJobsJournalWithItsCursorAlone
go	jobs journal (cursor): the shared query keys forwarded	TestJobsForwardsAJobsJournalWithItsCursorAlone
go	jobs journal (route): a path that begins with it forwarded	TestJobsForwardsAJobsJournalWithItsCursorAlone
go	jobs journal (route): an id in upper-case hex forwarded	TestJobsForwardsAJobsJournalWithItsCursorAlone
go	jobs journal (route): an id with hex letters refused	TestJobsForwardsAJobsJournalWithItsCursorAlone
go	jobs journal (route): its own rules never apply	TestJobsForwardsAJobsJournalWithItsCursorAlone
go	jobs journal (route): not on the route list	TestJobsForwardsAJobsJournalWithItsCursorAlone
go	jobs journal (route): the store-wide journal forwarded	TestJobsForwardsAJobsJournalWithItsCursorAlone
go	jobs journal (route): written with POST	TestJobsForwardsAJobsJournalWithItsCursorAlone
go	jobs proxy (path): a percent-encoded path forwarded	TestJobsRefusesAPercentEncodedPath
go	jobs proxy (path): an encoded query refused as if it were the path	TestJobsForwardsAJobsJournalWithItsCursorAlone,TestJobsRefusesAPercentEncodedPath
go	jobs proxy (path): the encoding is looked for in the decoded path	TestJobsRefusesAPercentEncodedPath
go	key list: a failed creation leaves its marker	TestADeskMadeDuringShutdownLeavesNoKey,TestAKeyTheRuntimeFailsToGenerateMakesNoDeskAndLeavesNoKey,TestAManifestThatCannotBeWrittenLeavesNoKey,TestARunnerKeyTheRuntimeDoesNotMakeLeavesNothing,TestASwappedSigningFolderNeverMakesASignedDesk,TestNoPartOfTheKeysPathIsPassedOn
go	key list: a failed run's seed is left	TestAKeyTheRuntimeFailsToGenerateMakesNoDeskAndLeavesNoKey
go	key list: a first key after 0 is read	TestAListOfKeysDeskCannotReadPassesNoKey
go	key list: a folder is taken without the path under it	TestARotationsAnswersNameNoPath,TestNoPartOfARunnerKeysPathIsSaid,TestNoPartOfTheKeysPathIsPassedOn,TestWhatRunnerSignsIsReportedOnlyOnceRunnerAnswers
go	key list: a key twice is read	TestAListOfKeysDeskCannotReadPassesNoKey
go	key list: a keyId that is not its key's is kept	TestAKeyTheRuntimeFailsToGenerateMakesNoDeskAndLeavesNoKey,TestAListOfKeysDeskCannotReadPassesNoKey
go	key list: a linked list is read	TestAListOfKeysDeskCannotReadPassesNoKey
go	key list: a linked seed is named	TestASeedWithAnotherNameOrALinkIsRefused,TestEachStateARunnerKeyCanBeFoundIn
go	key list: a list in another spelling is read	TestAListOfKeysDeskCannotReadPassesNoKey
go	key list: a list is written over another	TestAListOfKeysIsNeverWrittenOver
go	key list: a list others can write is read	TestAListOfKeysDeskCannotReadPassesNoKey,TestEachStateARunnerKeyCanBeFoundIn
go	key list: a list past the bound is read	TestAListOfKeysDeskCannotReadPassesNoKey
go	key list: a list swapped while read is read	TestAListOfKeysSwappedWhileReadIsNotRead
go	key list: a public key in capitals is kept	TestAKeyTheRuntimeFailsToGenerateMakesNoDeskAndLeavesNoKey
go	key list: a seed another user owns is named	TestASeedAnotherUserOwnsIsRefused
go	key list: a seed others can read is named	TestAKeyListThatIsNotTheSeedsPassesNoKey,TestAKeyTheRuntimeFailsToGenerateMakesNoDeskAndLeavesNoKey,TestEachStateARunnerKeyCanBeFoundIn
go	key list: a seed with another name is named	TestASeedWithAnotherNameOrALinkIsRefused,TestEachStateARunnerKeyCanBeFoundIn
go	key list: a shorter span is replaced first	TestADeskCustodyCannotKeepAKeyForIsMadeUnsignedAndSaysWhy,TestAGroupWritableFolderOnTheKeysPathIsRefused,TestAListOfKeysDeskCannotReadPassesNoKey,TestARotationsAnswersNameNoPath,TestNoPartOfARunnerKeysPathIsSaid,TestNoPartOfTheKeysPathIsPassedOn,TestTheAuditDirectoryIsNeverQuoted,TestThePanelNeverSaysAFolderOnAnInheritedKeysPath,TestThePanelNeverSaysAnInheritedKeysPath,TestThePanelQuotesNoPath,TestTheSigningFolderIsHeldToCustody
go	key list: a signing folder others can write is read	TestAListOfKeysDeskCannotReadPassesNoKey
go	key list: a staging file is left	TestADeskMadeDuringShutdownLeavesNoKey,TestAKeyTheRuntimeFailsToGenerateMakesNoDeskAndLeavesNoKey,TestAListOfKeysIsNeverWrittenOver,TestAManifestThatCannotBeWrittenLeavesNoKey,TestAManifestThatIsNotWholeIsNotAPublication,TestANewDeskIsSignedWhereTheRuntimeReads6,TestARotationIsMadeOnlyWhereItCanBe,TestARotationRunsItsStepsInOrder,TestARotationThroughAReplacedSigningFolderMakesNothing,TestAStoppedCreationLeavesNoKeyPastTheNextStart,TestASwappedSigningFolderNeverMakesASignedDesk,TestAnInterruptedRemovalIsFinishedByTheNextStart,TestAnUnfinishedRunnerKeyIsRemovedUnderTheLock,TestEachDesksRunnerIsNamedAKeyOfItsOwn,TestNeitherSweepTouchesTheOthersKey,TestNoPartOfTheKeysPathIsPassedOn,TestNoRotationPastTheKeyListsBound,TestThePanelPassesTheKeyDeskKeepsWithTheSeedsOwn,TestTheSweepRemovesOnlyWhatItInspected,TestTwoFirstCreationsAtOnceAreBothSigned
go	key list: a swapped signing folder is used	TestTheSigningFolderIsHeldToCustody
go	key list: an answer from another command is taken	TestAKeyTheRuntimeFailsToGenerateMakesNoDeskAndLeavesNoKey
go	key list: an answer of another status is taken	TestAKeyTheRuntimeFailsToGenerateMakesNoDeskAndLeavesNoKey
go	key list: an unended list is read	TestAListOfKeysDeskCannotReadPassesNoKey
go	key list: anything already kept is generated over	TestAKeyAlreadyKeptUnderTheIdIsNeverTouched
go	key list: custody's words name its folders by path	TestADeskCustodyCannotKeepAKeyForIsMadeUnsignedAndSaysWhy,TestAGroupWritableFolderOnTheKeysPathIsRefused,TestAListOfKeysDeskCannotReadPassesNoKey,TestNoPartOfARunnerKeysPathIsSaid,TestNoPartOfTheKeysPathIsPassedOn,TestTheSigningFolderIsHeldToCustody
go	key list: keys are passed out of order	TestARotationRunsItsStepsInOrder,TestPublicKeyFilesKeepTheKeysOrder,TestTheListOfKeysIsHeldToTheSidecar
go	key list: keys out of order are read	TestAListOfKeysDeskCannotReadPassesNoKey
go	key list: more keys than the bound are read	TestAListOfKeysDeskCannotReadPassesNoKey
go	key list: no folder on the key's way is a span	TestNoPartOfTheKeysPathIsPassedOn,TestPathSpansCoverEverySpelling,TestThePanelNeverSaysAFolderOnAnInheritedKeysPath
go	key list: no marker is written	TestAKeyCustodyLockHeldByAnotherProcess,TestAManifestNotReadNowKeepsItsKey,TestAManifestThatIsNotWholeIsNotAPublication,TestARemovalLeavesAFileReplacedSinceItsInspection,TestARunnerKeyNotInspectedNowIsLeftAndNotMade,TestARunnerKeyWhoseMarkerStaysIsNotNamed,TestAStoppedCreationLeavesNoKeyPastTheNextStart,TestAnInterruptedRemovalIsFinishedByTheNextStart,TestTheDesksSweepAndARunnerKeyExcludeEachOther,TestTheSweepRemovesNothingWhileTheLockIsHeld,TestTheSweepRemovesOnlyWhatItInspected,TestWithNoLockTheStartRemovesNothing
go	key list: no signing folder is made	TestADeskMadeDuringShutdownLeavesNoKey,TestAGroupWritableFolderOnTheKeysPathIsRefused,TestAKeyCustodyLockHeldByAnotherProcess,TestAKeyListThatIsNotTheSeedsPassesNoKey,TestAKeyTheRuntimeFailsToGenerateMakesNoDeskAndLeavesNoKey,TestAListOfKeysDeskCannotReadPassesNoKey,TestAListOfKeysSwappedWhileReadIsNotRead,TestAManifestNotReadNowKeepsItsKey,TestAManifestThatIsNotWholeIsNotAPublication,TestANewDeskIsSignedWhereTheRuntimeReads6,TestARefusalDeskCannotCheckLeavesTheNextKey,TestARemovalLeavesAFileReplacedSinceItsInspection,TestARotationDeskCannotTellAboutChangesNothing,TestARotationFromElsewhereIsLeftAsItIs,TestARotationIsMadeOnlyWhereItCanBe,TestARotationRunsItsStepsInOrder,TestARotationTheRuntimeRefusesChangesNothing,TestARotationThroughAReplacedSigningFolderMakesNothing,TestARotationWaitsForTheLockAndThenRefuses,TestARotationsAnswersNameNoPath,TestARunnerKeyIsMadeOnceAndFoundAfter,TestARunnerKeyNotInspectedNowIsLeftAndNotMade,TestARunnerKeyTheRuntimeDoesNotMakeLeavesNothing,TestARunnerKeyWhoseMarkerStaysIsNotNamed,TestARunnerKeyWhosePathIsNotUTF8IsNotNamed,TestARunnerKeyWhosePathNamesAnotherIsNotNamed,TestARunnerKeysFolderSwappedAfterItsNarrowingIsRefused,TestARunnerThatRefusesItsKeyStartsWithout,TestASigningFolderJpackJSONCannotNameIsNotUsed,TestAStoppedCreationLeavesNoKeyPastTheNextStart,TestAStoppedRotationIsFinishedOrUndoneAtTheNextStart,TestASwappedSigningFolderNeverMakesASignedDesk,TestAnAnswerThatIsNotTheRotationAskedForIsNotTakenForOne,TestAnInterruptedRemovalIsFinishedByTheNextStart,TestAnUnfinishedRunnerKeyIsRemovedUnderTheLock,TestDesksStartSweepsBeforeItsRunnerTakesTheLock,TestDesksStartSweepsUnderTheLock,TestEachDeskIsCheckedInItsOwnFolder,TestEachDesksRunnerIsNamedAKeyOfItsOwn,TestEachStateARunnerKeyCanBeFoundIn,TestNeitherSweepTouchesTheOthersKey,TestNoPartOfTheKeysPathIsPassedOn,TestNoRotationPastTheKeyListsBound,TestTheDecisionRecordIsUnavailableWhereTheReviewIs,TestTheDecisionRecordRunsAuditVerifyWithNoHeldInput,TestTheDesksSweepAndARunnerKeyExcludeEachOther,TestTheListOfKeysIsHeldToTheSidecar,TestTheLockIsHeldFromTheFirstLookToTheLastChange,TestThePanelPassesTheKeyDeskKeepsWithTheSeedsOwn,TestThePanelShowsTheRuntimesWordOnTheKey,TestThePanelsCommandsKeepTheSigningKeyOnlyOnTheStartupDesk,TestTheRecoveryChangesNothingWhileTheLockIsHeld,TestTheRecoveryRemovesOnlyWhatItInspected,TestTheRunnerKeyRouteIsGuardedAndAnswersEachDesk,TestTheSigningFolderIsHeldToCustody,TestTheStartActsOnlyOnADesksOwnMarker,TestTheSweepRemovesNothingWhileTheLockIsHeld,TestTheSweepRemovesOnlyWhatItInspected,TestTheTrailIsHandedOverAsExactBytes,TestTwoFirstCreationsAtOnceAreBothSigned,TestTwoStartsNeverRemoveANamedKey,TestWhatChangedWhileARotationFinishedIsNotWrittenOver,TestWhatRunnerSignsIsReportedOnlyOnceRunnerAnswers,TestWhereDeskKeepsNoKeyNoneIsPassed,TestWithNoLockTheStartRemovesNothing
go	key list: no span is taken as the runtime prints it	TestARotationsAnswersNameNoPath,TestNoPartOfTheKeysPathIsPassedOn,TestPathSpansCoverEverySpelling,TestThePanelNeverSaysAFolderOnAnInheritedKeysPath
go	key list: the first key takes over from a later record	TestAGroupWritableFolderOnTheKeysPathIsRefused,TestAKeyCustodyLockHeldByAnotherProcess,TestAKeyListThatIsNotTheSeedsPassesNoKey,TestANewDeskIsSignedWhereTheRuntimeReads6,TestARefusalDeskCannotCheckLeavesTheNextKey,TestARemovalLeavesAFileReplacedSinceItsInspection,TestARotationDeskCannotTellAboutChangesNothing,TestARotationFromElsewhereIsLeftAsItIs,TestARotationIsMadeOnlyWhereItCanBe,TestARotationRunsItsStepsInOrder,TestARotationTheRuntimeRefusesChangesNothing,TestARotationThroughAReplacedSigningFolderMakesNothing,TestARotationWaitsForTheLockAndThenRefuses,TestARotationsAnswersNameNoPath,TestARunnerKeyIsMadeOnceAndFoundAfter,TestARunnerKeyNotInspectedNowIsLeftAndNotMade,TestARunnerKeyTheRuntimeDoesNotMakeLeavesNothing,TestARunnerKeyWhoseMarkerStaysIsNotNamed,TestARunnerKeyWhosePathNamesAnotherIsNotNamed,TestARunnerThatRefusesItsKeyStartsWithout,TestAStoppedRotationIsFinishedOrUndoneAtTheNextStart,TestAnAnswerThatIsNotTheRotationAskedForIsNotTakenForOne,TestAnInterruptedRemovalIsFinishedByTheNextStart,TestAnUnfinishedRunnerKeyIsRemovedUnderTheLock,TestDesksStartSweepsBeforeItsRunnerTakesTheLock,TestEachDesksRunnerIsNamedAKeyOfItsOwn,TestEachStateARunnerKeyCanBeFoundIn,TestNeitherSweepTouchesTheOthersKey,TestNoRotationPastTheKeyListsBound,TestTheDecisionRecordIsUnavailableWhereTheReviewIs,TestTheDecisionRecordRunsAuditVerifyWithNoHeldInput,TestTheDesksSweepAndARunnerKeyExcludeEachOther,TestTheLockIsHeldFromTheFirstLookToTheLastChange,TestThePanelPassesTheKeyDeskKeepsWithTheSeedsOwn,TestThePanelShowsTheRuntimesWordOnTheKey,TestThePanelsCommandsKeepTheSigningKeyOnlyOnTheStartupDesk,TestTheRecoveryChangesNothingWhileTheLockIsHeld,TestTheRecoveryRemovesOnlyWhatItInspected,TestTheRunnerKeyRouteIsGuardedAndAnswersEachDesk,TestTheRunnerKeysFolderIsHeldToCustody,TestTwoStartsNeverRemoveANamedKey,TestWhatChangedWhileARotationFinishedIsNotWrittenOver,TestWhatRunnerSignsIsReportedOnlyOnceRunnerAnswers,TestWithNoLockTheStartRemovesNothing
go	key list: the folder made by another creation is refused	TestACreationWaitsForTheLockAndThenRefuses,TestADeskCustodyCannotKeepAKeyForIsMadeUnsignedAndSaysWhy,TestAGroupWritableFolderOnTheKeysPathIsRefused,TestAKeyAlreadyKeptUnderTheIdIsNeverTouched,TestAKeyCustodyLockHeldByAnotherProcess,TestARemovalLeavesAFileReplacedSinceItsInspection,TestARotationsAnswersNameNoPath,TestARunnerKeyIsMadeOnceAndFoundAfter,TestARunnerKeyNotInspectedNowIsLeftAndNotMade,TestARunnerKeyTheRuntimeDoesNotMakeLeavesNothing,TestARunnerKeyWhoseMarkerStaysIsNotNamed,TestARunnerKeyWhosePathNamesAnotherIsNotNamed,TestAnInterruptedRemovalIsFinishedByTheNextStart,TestAnUnfinishedRunnerKeyIsRemovedUnderTheLock,TestDesksStartSweepsBeforeItsRunnerTakesTheLock,TestEachDeskIsCheckedInItsOwnFolder,TestEachDesksRunnerIsNamedAKeyOfItsOwn,TestEachStateARunnerKeyCanBeFoundIn,TestNeitherSweepTouchesTheOthersKey,TestNoPartOfTheKeysPathIsPassedOn,TestTheDesksSweepAndARunnerKeyExcludeEachOther,TestTheRunnerKeyRouteIsGuardedAndAnswersEachDesk,TestTheRunnerKeysFolderIsHeldToCustody,TestTheSigningFolderIsHeldToCustody,TestTwoFirstCreationsAtOnceAreBothSigned,TestTwoStartsNeverRemoveANamedKey,TestWhatRunnerSignsIsReportedOnlyOnceRunnerAnswers
go	key list: the folder's path is not checked before the runtime runs	TestASwappedSigningFolderNeverMakesASignedDesk
go	key list: the key files outlive the check	TestARotationDeskCannotTellAboutChangesNothing,TestARotationIsMadeOnlyWhereItCanBe,TestARotationRunsItsStepsInOrder,TestARotationThroughAReplacedSigningFolderMakesNothing,TestNoRotationPastTheKeyListsBound,TestPublicKeyFilesKeepTheKeysOrder,TestThePanelPassesTheKeyDeskKeepsWithTheSeedsOwn
go	key list: the list is not owner-only	TestANewDeskIsSignedWhereTheRuntimeReads6,TestEachDesksRunnerIsNamedAKeyOfItsOwn
go	key list: the seed's path is not checked after the runtime runs	TestASwappedSigningFolderNeverMakesASignedDesk
go	key panel: a check of any status is shown	TestThePanelShowsTheRuntimesWordOnTheKey
go	key panel: a check reported twice is shown	TestThePanelShowsTheRuntimesWordOnTheKey
go	key panel: a failed check under valid is shown	TestThePanelShowsTheRuntimesWordOnTheKey
go	key panel: a list is passed whatever its seed's key	TestAKeyListThatIsNotTheSeedsPassesNoKey,TestWhatChangedWhileARotationFinishedIsNotWrittenOver
go	key panel: a list is passed whatever its seed's keyId	TestAKeyListThatIsNotTheSeedsPassesNoKey
go	key panel: a seed Desk will not use is passed	TestAKeyListThatIsNotTheSeedsPassesNoKey
go	key panel: a seed with no list reads as no key	TestAKeyListThatIsNotTheSeedsPassesNoKey
go	key panel: an inherited key's folders are not spans	TestThePanelNeverSaysAFolderOnAnInheritedKeysPath
go	key panel: an inherited key's path is said	TestThePanelNeverSaysAFolderOnAnInheritedKeysPath,TestThePanelNeverSaysAnInheritedKeysPath
go	key panel: audit key public is read from another command	TestAKeyListThatIsNotTheSeedsPassesNoKey
go	key panel: audit key public is read whatever its status	TestAKeyListThatIsNotTheSeedsPassesNoKey
go	key panel: every pack is validated	TestThePanelShowsTheRuntimesWordOnTheKey
go	key panel: kept keys are not passed	TestARotationRunsItsStepsInOrder,TestTheDecisionRecordIsUnavailableWhereTheReviewIs,TestTheDecisionRecordRunsAuditVerifyWithNoHeldInput,TestTheListOfKeysIsHeldToTheSidecar,TestThePanelPassesTheKeyDeskKeepsWithTheSeedsOwn,TestThePanelsCommandsKeepTheSigningKeyOnlyOnTheStartupDesk
go	key panel: not the first pack is named	TestThePanelShowsTheRuntimesWordOnTheKey
go	key panel: packs validate is not run	TestAKeyListThatIsNotTheSeedsPassesNoKey,TestAListOfKeysDeskCannotReadPassesNoKey,TestAListOfKeysSwappedWhileReadIsNotRead,TestNoPartOfTheKeysPathIsPassedOn,TestTheDecisionRecordIsHeldToTheCheckpointsHandedOver,TestTheDecisionRecordIsUnavailableWhereTheReviewIs,TestTheDecisionRecordRunsAuditVerifyWithNoHeldInput,TestTheDecisionRecordSaysWhenTheRuntimeHasNoAuditCommands,TestThePanelNeverSaysAFolderOnAnInheritedKeysPath,TestThePanelNeverSaysAnInheritedKeysPath,TestThePanelPassesTheKeyDeskKeepsWithTheSeedsOwn,TestThePanelShowsTheRuntimesWordOnTheKey,TestThePanelsCommandsKeepTheSigningKeyOnlyOnTheStartupDesk,TestWhereDeskKeepsNoKeyNoneIsPassed
go	key panel: reading the keys makes a signing folder	TestWhereDeskKeepsNoKeyNoneIsPassed
go	key panel: signatures with no first key are shown	TestTheSignaturesTheRuntimeReadAreShown
go	key panel: the check is not given with the answer	TestNoPartOfTheKeysPathIsPassedOn,TestThePanelNeverSaysAFolderOnAnInheritedKeysPath,TestThePanelNeverSaysAnInheritedKeysPath,TestThePanelShowsTheRuntimesWordOnTheKey
go	key panel: the check's words are passed on with their paths	TestNoPartOfTheKeysPathIsPassedOn,TestThePanelNeverSaysAFolderOnAnInheritedKeysPath,TestThePanelNeverSaysAnInheritedKeysPath,TestThePanelShowsTheRuntimesWordOnTheKey
go	key panel: the key's path and its folders are not spans	TestARotationsAnswersNameNoPath,TestNoPartOfTheKeysPathIsPassedOn
go	key panel: the keys are not given with the answer	TestAListOfKeysDeskCannotReadPassesNoKey,TestWhereDeskKeepsNoKeyNoneIsPassed
go	key panel: the signatures are not shown	TestTheSignaturesTheRuntimeReadAreShown
go	key panel: the startup desk is read for keys	TestWhereDeskKeepsNoKeyNoneIsPassed
go	key panel: validate's exit is not held to its status	TestThePanelShowsTheRuntimesWordOnTheKey
go	key panel: validate's refusal is undocumented	TestThePanelShowsTheRuntimesWordOnTheKey
go	key panel: validate's refusal on exit 0 is shown	TestThePanelShowsTheRuntimesWordOnTheKey
go	key panel: validate's word is read from another command	TestThePanelShowsTheRuntimesWordOnTheKey
go	named desk: the relay inherits JPACK_CONFIG	TestANamedDeskRuntimeReadsOnlyItsOwnConfiguration
go	named desk: the relay's environment is never set	TestANamedDeskRuntimeReadsOnlyItsOwnConfiguration
go	new desk: a failed lock still makes a desk	TestAFailedCreationLeavesAnotherDeskAtItsNameUntouched,TestAFailedCreationLeavesItsNeighboursUntouched,TestAFailedLockLeavesNoDesk,TestAKeyTheRuntimeFailsToGenerateMakesNoDeskAndLeavesNoKey,TestANewDeskRefusesARuntimeThatHangs,TestAnUnfinishedFolderIsLeftAndNamed,TestNoPartOfTheKeysPathIsPassedOn
go	new desk: a folder left is not said	TestAFailedCreationLeavesAnotherDeskAtItsNameUntouched,TestAnUnfinishedFolderIsLeftAndNamed
go	new desk: a hung runtime is not bounded	TestANewDeskRefusesARuntimeThatHangs
go	new desk: a lock of other bytes is trusted	TestAFailedLockLeavesNoDesk
go	new desk: a reported lock is not looked for	TestAFailedLockLeavesNoDesk
go	new desk: a runtime that reads 5 gets the fallback	TestAConfirmationIsBoundToItsDesk,TestACreationDoesNotHoldUpOtherDesks,TestADeskCustodyCannotKeepAKeyForIsMadeUnsignedAndSaysWhy,TestADeskMadeDuringShutdownIsNotPublished,TestAFailedCreationLeavesAnotherDeskAtItsNameUntouched,TestAFailedCreationLeavesItsNeighboursUntouched,TestAFailedLockLeavesNoDesk,TestAGatedDeskHasNothingToUpgrade,TestANamedDeskRuntimeReadsOnlyItsOwnConfiguration,TestANewDeskStartsUnderReviewedLawWithDecidingRunsRecorded,TestAReviewOfAnUnreadableProjectKeepsTheSigningKeyOnlyOnTheStartupDesk,TestASigningFolderJpackJSONCannotNameIsNotUsed,TestAnInheritedSigningKeyStaysWithTheStartupDesk,TestAnUpgradeConfirmationIsBoundToItsDesk,TestAnUpgradeConfirmationKeepsTheSigningKeyOnlyOnTheStartupDesk,TestDeskConfigReportsAnInheritedSigningKeyOnTheStartupDeskOnly,TestDeskConfigReportsTestedReleasesPolicy,TestDesksBeingMadeCountTowardTheBound,TestEachDesksRunnerIsNamedAKeyOfItsOwn,TestJobEventResultForwardsOnlyTheParsedRead,TestNamedDeskGuardsAndRestart,TestNamedDeskMovesWithItsConversationData,TestNamedDesksKeepFilesAndArtifactsSeparate,TestNoPartOfTheKeysPathIsPassedOn,TestRunnerRequireTestedReleasesReachesBootLine,TestTheDesksSweepAndARunnerKeyExcludeEachOther,TestTheReviewCommandsKeepTheSigningKeyOnlyOnTheStartupDesk,TestTheReviewNamesWhatTheLockPinsForEachId,TestTheReviewOnTheStartupDeskAndANamedDesk,TestTheRunnerKeyRouteIsGuardedAndAnswersEachDesk,TestTheSigningFolderIsHeldToCustody,TestTheUpgradeOnTheStartupDeskAndANamedDesk,TestUnfinishedFoldersDoNotHoldTheRegistryShut
go	new desk: a runtime that reads neither 4 nor 5 gets a desk	TestANewDeskNeedsARuntimeThatReadsVersion4
go	new desk: a runtime's answer is read past the bound	TestANewDeskRefusesARuntimeThatAnswersTooMuch
go	new desk: a stopped creation removes nothing	TestACreationWaitsForTheLockAndThenRefuses,TestADeskMadeDuringShutdownIsNotPublished,TestAFailedCreationLeavesAnotherDeskAtItsNameUntouched,TestAFailedCreationLeavesItsNeighboursUntouched,TestAFailedLockLeavesNoDesk,TestAKeyAlreadyKeptUnderTheIdIsNeverTouched,TestAKeyTheRuntimeFailsToGenerateMakesNoDeskAndLeavesNoKey,TestANewDeskNeedsARuntimeThatReadsVersion4,TestANewDeskNeedsItsRuntime,TestANewDeskRefusesARuntimeThatAnswersTooMuch,TestANewDeskRefusesARuntimeThatHangs,TestASwappedSigningFolderNeverMakesASignedDesk,TestAnUnfinishedFolderIsLeftAndNamed,TestNoPartOfTheKeysPathIsPassedOn
go	new desk: desks in the making are not counted	TestDesksBeingMadeCountTowardTheBound
go	new desk: its commands inherit JPACK_CONFIG	TestANewDeskStartsUnderReviewedLawWithDecidingRunsRecorded
go	new desk: no audit folder	TestADeskCustodyCannotKeepAKeyForIsMadeUnsignedAndSaysWhy,TestANewDeskFallsBackToVersion4WhenTheRuntimeCannotRead5,TestANewDeskIsSignedWhereTheRuntimeReads6,TestANewDeskStartsUnderReviewedLawWithDecidingRunsRecorded,TestARefusalDeskCannotCheckLeavesTheNextKey,TestARotationDeskCannotTellAboutChangesNothing,TestARotationFromElsewhereIsLeftAsItIs,TestARotationIsMadeOnlyWhereItCanBe,TestARotationRunsItsStepsInOrder,TestARotationTheRuntimeRefusesChangesNothing,TestARotationThroughAReplacedSigningFolderMakesNothing,TestARotationWaitsForTheLockAndThenRefuses,TestARotationsAnswersNameNoPath,TestAStoppedRotationIsFinishedOrUndoneAtTheNextStart,TestAnAnswerThatIsNotTheRotationAskedForIsNotTakenForOne,TestAnUpgradeConfirmationIsBoundToItsDesk,TestNoRotationPastTheKeyListsBound,TestTheListOfKeysIsHeldToTheSidecar,TestTheLockIsHeldFromTheFirstLookToTheLastChange,TestTheRecoveryChangesNothingWhileTheLockIsHeld,TestTheRecoveryRemovesOnlyWhatItInspected,TestTheStartActsOnlyOnADesksOwnMarker,TestTheTrailIsHandedOverAsExactBytes,TestTheUpgradeOnTheStartupDeskAndANamedDesk,TestWhatChangedWhileARotationFinishedIsNotWrittenOver,TestWithNoLockTheStartRemovesNothing
go	new desk: not locked	TestACreationDoesNotHoldUpOtherDesks,TestADeskCustodyCannotKeepAKeyForIsMadeUnsignedAndSaysWhy,TestADeskMadeDuringShutdownIsNotPublished,TestAFailedCreationLeavesAnotherDeskAtItsNameUntouched,TestAFailedCreationLeavesItsNeighboursUntouched,TestAFailedLockLeavesNoDesk,TestAKeyTheRuntimeFailsToGenerateMakesNoDeskAndLeavesNoKey,TestANewDeskFallsBackToVersion4WhenTheRuntimeCannotRead5,TestANewDeskIsSignedWhereTheRuntimeReads6,TestANewDeskRefusesARuntimeThatHangs,TestANewDeskStartsUnderReviewedLawWithDecidingRunsRecorded,TestAnInheritedSigningKeyStaysWithTheStartupDesk,TestAnUnfinishedFolderIsLeftAndNamed,TestAnUpgradeConfirmationIsBoundToItsDesk,TestAnUpgradeConfirmationKeepsTheSigningKeyOnlyOnTheStartupDesk,TestDesksBeingMadeCountTowardTheBound,TestNoPartOfTheKeysPathIsPassedOn,TestTheReviewCommandsKeepTheSigningKeyOnlyOnTheStartupDesk,TestTheUpgradeOnTheStartupDeskAndANamedDesk
go	new desk: shutdown is not re-checked before publishing	TestADeskMadeDuringShutdownIsNotPublished,TestADeskMadeDuringShutdownLeavesNoKey
go	new desk: the answer's buffer reads around its bound	TestANewDeskRefusesARuntimeThatAnswersTooMuch
go	new desk: the audit folder is not owner-only	TestADeskCustodyCannotKeepAKeyForIsMadeUnsignedAndSaysWhy,TestANewDeskFallsBackToVersion4WhenTheRuntimeCannotRead5,TestANewDeskIsSignedWhereTheRuntimeReads6,TestANewDeskStartsUnderReviewedLawWithDecidingRunsRecorded,TestTheReviewOnTheStartupDeskAndANamedDesk,TestTheUpgradeOnTheStartupDeskAndANamedDesk
go	new desk: the cleanup also removes the neighbouring desks	TestAFailedCreationLeavesAnotherDeskAtItsNameUntouched,TestAFailedCreationLeavesItsNeighboursUntouched,TestAnUnfinishedFolderIsLeftAndNamed
go	new desk: the fallback is not in the answer	TestADeskCustodyCannotKeepAKeyForIsMadeUnsignedAndSaysWhy,TestANewDeskFallsBackToVersion4WhenTheRuntimeCannotRead5,TestANewDeskStartsUnderReviewedLawWithDecidingRunsRecorded,TestASigningFolderJpackJSONCannotNameIsNotUsed,TestNoPartOfTheKeysPathIsPassedOn,TestTheSigningFolderIsHeldToCustody
go	new desk: the fallback is not logged	TestADeskCustodyCannotKeepAKeyForIsMadeUnsignedAndSaysWhy,TestANewDeskFallsBackToVersion4WhenTheRuntimeCannotRead5,TestANewDeskStartsUnderReviewedLawWithDecidingRunsRecorded
go	new desk: the fallback keeps requireComparableFacts	TestANewDeskFallsBackToVersion4WhenTheRuntimeCannotRead5
go	new desk: the folder is removed by its name, recursively	TestAFailedCreationLeavesAnotherDeskAtItsNameUntouched,TestAnUnfinishedFolderIsLeftAndNamed
go	new desk: the lock searches for its configuration	TestAFailedLockLeavesNoDesk,TestANewDeskRefusesARuntimeThatHangs,TestANewDeskStartsUnderReviewedLawWithDecidingRunsRecorded
go	new desk: the registry is held while the folder is made	TestACreationDoesNotHoldUpOtherDesks,TestADeskMadeDuringShutdownIsNotPublished,TestADeskMadeDuringShutdownLeavesNoKey,TestDesksBeingMadeCountTowardTheBound,TestTwoFirstCreationsAtOnceAreBothSigned
go	new desk: the runtime runs outside the new folder	TestAConfirmationIsBoundToItsDesk,TestACreationDoesNotHoldUpOtherDesks,TestACreationWaitsForTheLockAndThenRefuses,TestADeskCustodyCannotKeepAKeyForIsMadeUnsignedAndSaysWhy,TestADeskMadeDuringShutdownIsNotPublished,TestADeskMadeDuringShutdownLeavesNoKey,TestAFailedCreationLeavesAnotherDeskAtItsNameUntouched,TestAFailedCreationLeavesItsNeighboursUntouched,TestAGatedDeskHasNothingToUpgrade,TestAKeyListThatIsNotTheSeedsPassesNoKey,TestAListOfKeysDeskCannotReadPassesNoKey,TestAListOfKeysSwappedWhileReadIsNotRead,TestAManifestNotReadNowKeepsItsKey,TestAManifestThatIsNotWholeIsNotAPublication,TestANamedDeskRuntimeReadsOnlyItsOwnConfiguration,TestANewDeskFallsBackToVersion4WhenTheRuntimeCannotRead5,TestANewDeskIsSignedWhereTheRuntimeReads6,TestANewDeskStartsUnderReviewedLawWithDecidingRunsRecorded,TestARefusalDeskCannotCheckLeavesTheNextKey,TestAReviewOfAnUnreadableProjectKeepsTheSigningKeyOnlyOnTheStartupDesk,TestARotationDeskCannotTellAboutChangesNothing,TestARotationFromElsewhereIsLeftAsItIs,TestARotationIsMadeOnlyWhereItCanBe,TestARotationRunsItsStepsInOrder,TestARotationTheRuntimeRefusesChangesNothing,TestARotationThroughAReplacedSigningFolderMakesNothing,TestARotationWaitsForTheLockAndThenRefuses,TestARotationsAnswersNameNoPath,TestASigningFolderJpackJSONCannotNameIsNotUsed,TestAStoppedCreationLeavesNoKeyPastTheNextStart,TestAStoppedRotationIsFinishedOrUndoneAtTheNextStart,TestASwappedSigningFolderNeverMakesASignedDesk,TestAnAnswerThatIsNotTheRotationAskedForIsNotTakenForOne,TestAnInheritedSigningKeyStaysWithTheStartupDesk,TestAnUnfinishedFolderIsLeftAndNamed,TestAnUpgradeConfirmationIsBoundToItsDesk,TestAnUpgradeConfirmationKeepsTheSigningKeyOnlyOnTheStartupDesk,TestDeskConfigReportsAnInheritedSigningKeyOnTheStartupDeskOnly,TestDeskConfigReportsTestedReleasesPolicy,TestDesksBeingMadeCountTowardTheBound,TestEachDeskIsCheckedInItsOwnFolder,TestEachDesksRunnerIsNamedAKeyOfItsOwn,TestJobEventResultForwardsOnlyTheParsedRead,TestNamedDeskGuardsAndRestart,TestNamedDeskMovesWithItsConversationData,TestNamedDesksKeepFilesAndArtifactsSeparate,TestNoPartOfTheKeysPathIsPassedOn,TestNoRotationPastTheKeyListsBound,TestRunnerRequireTestedReleasesReachesBootLine,TestTheDecisionRecordIsUnavailableWhereTheReviewIs,TestTheDecisionRecordRunsAuditVerifyWithNoHeldInput,TestTheDesksSweepAndARunnerKeyExcludeEachOther,TestTheListOfKeysIsHeldToTheSidecar,TestTheLockIsHeldFromTheFirstLookToTheLastChange,TestThePanelPassesTheKeyDeskKeepsWithTheSeedsOwn,TestThePanelShowsTheRuntimesWordOnTheKey,TestThePanelsCommandsKeepTheSigningKeyOnlyOnTheStartupDesk,TestTheRecoveryChangesNothingWhileTheLockIsHeld,TestTheRecoveryRemovesOnlyWhatItInspected,TestTheReviewCommandsKeepTheSigningKeyOnlyOnTheStartupDesk,TestTheReviewNamesWhatTheLockPinsForEachId,TestTheReviewOnTheStartupDeskAndANamedDesk,TestTheRunnerKeyRouteIsGuardedAndAnswersEachDesk,TestTheSigningFolderIsHeldToCustody,TestTheStartActsOnlyOnADesksOwnMarker,TestTheSweepRemovesOnlyWhatItInspected,TestTheTrailIsHandedOverAsExactBytes,TestTheUpgradeOnTheStartupDeskAndANamedDesk,TestTwoFirstCreationsAtOnceAreBothSigned,TestUnfinishedFoldersDoNotHoldTheRegistryShut,TestWhatChangedWhileARotationFinishedIsNotWrittenOver,TestWhereDeskKeepsNoKeyNoneIsPassed,TestWithNoLockTheStartRemovesNothing
go	new desk: the runtime's refusal is not named	TestAFailedLockLeavesNoDesk
go	new desk: unfinished folders count toward the bound at a start	TestUnfinishedFoldersDoNotHoldTheRegistryShut
go	new desk: what was made is removed through the name	TestAFailedCreationLeavesAnotherDeskAtItsNameUntouched
go	new desk: written at configVersion 3 again	TestADeskCustodyCannotKeepAKeyForIsMadeUnsignedAndSaysWhy,TestAGatedDeskHasNothingToUpgrade,TestAKeyListThatIsNotTheSeedsPassesNoKey,TestAListOfKeysDeskCannotReadPassesNoKey,TestAListOfKeysSwappedWhileReadIsNotRead,TestANewDeskFallsBackToVersion4WhenTheRuntimeCannotRead5,TestANewDeskIsSignedWhereTheRuntimeReads6,TestANewDeskStartsUnderReviewedLawWithDecidingRunsRecorded,TestARefusalDeskCannotCheckLeavesTheNextKey,TestARotationDeskCannotTellAboutChangesNothing,TestARotationFromElsewhereIsLeftAsItIs,TestARotationIsMadeOnlyWhereItCanBe,TestARotationRunsItsStepsInOrder,TestARotationTheRuntimeRefusesChangesNothing,TestARotationThroughAReplacedSigningFolderMakesNothing,TestARotationWaitsForTheLockAndThenRefuses,TestARotationsAnswersNameNoPath,TestAStoppedRotationIsFinishedOrUndoneAtTheNextStart,TestAnAnswerThatIsNotTheRotationAskedForIsNotTakenForOne,TestEachDeskIsCheckedInItsOwnFolder,TestNoPartOfTheKeysPathIsPassedOn,TestNoRotationPastTheKeyListsBound,TestTheDecisionRecordIsUnavailableWhereTheReviewIs,TestTheDecisionRecordRunsAuditVerifyWithNoHeldInput,TestTheListOfKeysIsHeldToTheSidecar,TestTheLockIsHeldFromTheFirstLookToTheLastChange,TestThePanelPassesTheKeyDeskKeepsWithTheSeedsOwn,TestThePanelShowsTheRuntimesWordOnTheKey,TestThePanelsCommandsKeepTheSigningKeyOnlyOnTheStartupDesk,TestTheRecoveryChangesNothingWhileTheLockIsHeld,TestTheRecoveryRemovesOnlyWhatItInspected,TestTheReviewCommandsKeepTheSigningKeyOnlyOnTheStartupDesk,TestTheTrailIsHandedOverAsExactBytes,TestWhatChangedWhileARotationFinishedIsNotWrittenOver,TestWhereDeskKeepsNoKeyNoneIsPassed,TestWithNoLockTheStartRemovesNothing
go	origin matching accepts extra URL components	TestOriginMatchIsStrict,TestOriginRefusesEmptyDelimiters
go	origin matching ignores the scheme	TestOriginMatchIsStrict
go	publication: a manifest that cannot be read counts as none	TestAKeyIsRemovedAtStartOnlyByItsMarker,TestAManifestNotReadNowKeepsItsKey
go	publication: a read that failed counts as too large	TestAManifestNotReadNowKeepsItsKey
go	publication: existence is taken for publication	TestAManifestNotReadNowKeepsItsKey,TestAManifestThatIsNotWholeIsNotAPublication,TestAStoppedCreationLeavesNoKeyPastTheNextStart,TestTheDesksSweepAndARunnerKeyExcludeEachOther,TestTheSweepRemovesNothingWhileTheLockIsHeld,TestTheSweepRemovesOnlyWhatItInspected
go	publication: the manifest is written in place	TestAStoppedCreationLeavesNoKeyPastTheNextStart
go	publication: the marker is removed before publication	TestAManifestNotReadNowKeepsItsKey,TestAManifestThatIsNotWholeIsNotAPublication,TestAStoppedCreationLeavesNoKeyPastTheNextStart
go	repair: Desk's own sentence is passed on with its path	TestARepairSaysNoPathOfItsOwn
go	repair: a confirmation need not be JSON	TestARepairIsAskedForInOneWay
go	repair: a confirmation past its bound is read	TestARepairIsAskedForInOneWay
go	repair: a confirmation runs on a trail that is not chained	TestARepairIsOfferedOnlyOnAChainedTrail
go	repair: a confirmation with a short token runs	TestARepairIsAskedForInOneWay
go	repair: a cross-site request repairs	TestARepairIsAskedForInOneWay
go	repair: a digest of another form is read	TestAnAnswerTheRepairDoesNotDocumentIsNotARepair
go	repair: a discontinuity at or before its damaged line is read	TestAnAnswerTheRepairDoesNotDocumentIsNotARepair
go	repair: a discontinuity naming no damaged line is read	TestAnAnswerTheRepairDoesNotDocumentIsNotARepair
go	repair: a discontinuity of no bytes is read	TestAnAnswerTheRepairDoesNotDocumentIsNotARepair
go	repair: a discontinuity with a member missing is read	TestAnAnswerTheRepairDoesNotDocumentIsNotARepair
go	repair: a project that keeps no trail is checked	TestARepairIsNotRunWithoutTheCommandOrATrail
go	repair: a refusal to check again is taken for the trail as shown	TestARepairIsNotRunWhereTheTrailIsNotCheckedAgain
go	repair: a refusal with no words is passed on	TestAnAnswerTheRepairDoesNotDocumentIsNotARepair
go	repair: a repair of another damaged line is said as the one confirmed	TestARepairOfOtherBytesIsNotTheOneConfirmed
go	repair: a repair of other damaged bytes is said as the one confirmed	TestARepairOfOtherBytesIsNotTheOneConfirmed
go	repair: a repair with a failed exit is read as one	TestAnAnswerTheRepairDoesNotDocumentIsNotARepair
go	repair: a repair with another digest is said as the one confirmed	TestARepairOfOtherBytesIsNotTheOneConfirmed
go	repair: a request that goes away stops the repair	TestARepairIsNotStoppedByARequestThatGoesAway
go	repair: a runtime that does not read 6 is asked	TestARepairIsNotRunWithoutTheCommandOrATrail,TestARepairSaysNoPathOfItsOwn
go	repair: a used token is not refused	TestARepairRunsOnceOnTheOwnersConfirmation,TestARepairTokenConfirmsOneAttempt
go	repair: a used token runs again	TestARepairRunsOnceOnTheOwnersConfirmation,TestARepairTokenConfirmsOneAttempt
go	repair: an answer of another command is read as a repair	TestAnAnswerTheRepairDoesNotDocumentIsNotARepair
go	repair: an answer of another outputVersion is read	TestAnAnswerTheRepairDoesNotDocumentIsNotARepair
go	repair: an answer of another status is read as a repair	TestAnAnswerTheRepairDoesNotDocumentIsNotARepair
go	repair: offered on a trail that is not chained	TestARepairIsOfferedOnlyOnAChainedTrail
go	repair: offered over a trail Desk could not read	TestARepairIsNotOfferedOverATrailDeskCannotRead
go	repair: offered without the finding	TestTheRepairIsOfferedOnlyWhereTheReportNamesTheFinding
go	repair: the damaged bytes are read as the whole trail	TestARepairAnswerNamesNoPath,TestARepairIsAskedForInOneWay,TestARepairRunsOnceOnTheOwnersConfirmation,TestARepairTokenConfirmsOneAttempt,TestTwoConfirmationsAtOnceRunOneRepair
go	repair: the decision record offers no repair	TestARepairAnswerNamesNoPath,TestARepairIsAskedForInOneWay,TestARepairIsNotRunWhereTheTrailIsNotCheckedAgain,TestARepairIsNotStoppedByARequestThatGoesAway,TestARepairRefusalIsPassedOnInTheRuntimesWords,TestARepairRunsOnceOnTheOwnersConfirmation,TestARepairThatDoesNotFinishIsSaid,TestARepairTokenIsBoundToWhatWasShown,TestAnAnswerTheRepairDoesNotDocumentIsNotARepair,TestTheRepairIsOfferedOnlyWhereTheReportNamesTheFinding,TestTwoConfirmationsAtOnceRunOneRepair
go	repair: the discontinuity's reason is passed on with its path	TestARepairAnswerNamesNoPath
go	repair: the lock is kept after the repair	TestARepairAnswerNamesNoPath,TestARepairIsAskedForInOneWay,TestARepairIsNotRunWhereTheTrailIsNotCheckedAgain,TestARepairIsNotStoppedByARequestThatGoesAway,TestARepairRefusalIsPassedOnInTheRuntimesWords,TestARepairRunsOnceOnTheOwnersConfirmation,TestARepairThatDoesNotFinishIsSaid,TestARepairTokenIsBoundToWhatWasShown,TestAnAnswerTheRepairDoesNotDocumentIsNotARepair,TestTwoConfirmationsAtOnceRunOneRepair
go	repair: the runtime's refusal is passed on with its path	TestARepairIsNotRunWhereTheTrailIsNotCheckedAgain,TestARepairRefusalIsPassedOnInTheRuntimesWords
go	repair: the token binds no content	TestARepairTokenIsBoundToTheTrailsBytesAndFile
go	repair: the token binds no file	TestARepairTokenIsBoundToTheTrailsBytesAndFile
go	repair: the token binds no line	TestARepairTokenIsBoundToWhatWasShown
go	repair: the token binds no nonce	TestARepairTokenConfirmsOneAttempt
go	repair: the token binds no size	TestARepairTokenIsBoundToWhatWasShown
go	repair: the token binds no trail identity	TestARepairTokenIsBoundToWhatWasShown
go	repair: the token is not checked	TestARepairTokenIsBoundToWhatWasShown
go	repair: the token is not the desk's own	TestARepairTokenIsBoundToWhatWasShown
go	repair: two confirmations at once run two repairs	TestTwoConfirmationsAtOnceRunOneRepair
go	review: a JPACK_CONFIG in another directory passes	TestTheReviewOnTheStartupDeskAndANamedDesk
go	review: a JPACK_CONFIG of another name passes	TestTheReviewOnTheStartupDeskAndANamedDesk
go	review: a JPACK_CONFIG that is a link passes	TestTheReviewOnTheStartupDeskAndANamedDesk
go	review: a confirmation may carry other members	TestNothingIsLockedWithoutAConfirmation
go	review: a confirmation need not be JSON	TestNothingIsLockedWithoutAConfirmation
go	review: a confirmation's token is not checked	TestAConfirmationIsBoundToItsDesk,TestAStaleConfirmationLocksNothing,TestNothingIsLockedWithoutAConfirmation,TestTheBytesShownAreTheBytesConfirmed
go	review: a copies folder open to others is trusted	TestAnUnsafeCopiesFolderIsNotTrusted
go	review: a copy of other bytes is shown	TestTheReviewShowsEveryFileAndTheRuntimesFindings
go	review: a cross-site request can lock	TestNothingIsLockedWithoutAConfirmation
go	review: a file that is not text is shown	TestTheFirstLockShowsEveryFile
go	review: a file too large to show is read whole	TestTheFirstLockShowsEveryFile
go	review: a lock is left where there was none	TestAFileChangedDuringTheLockPutsThePreviousLockBack
go	review: a refused lock is trusted	TestARefusedLockPutsThePreviousLockBack
go	review: a review read follows a link	TestTheReviewReadsByTheFileAPIsRules,TestTheUpgradeGoesThroughNoLink
go	review: a token does not cover the files	TestALockOfAnythingElseIsPutBack,TestAStaleConfirmationLocksNothing,TestTheBytesShownAreTheBytesConfirmed
go	review: a token does not cover the lock	TestAStaleConfirmationLocksNothing
go	review: a token is not bound to its desk	TestAConfirmationIsBoundToItsDesk
go	review: copies are kept through a link	TestAnUnsafeCopiesFolderIsNotTrusted,TestReviewedCopiesAreNotKeptThroughALink
go	review: entries past the limit are read	TestTooManyEntriesAreRefusedBeforeAnyRead
go	review: lock searches for its configuration	TestAConfirmedSetIsLockedAndCopied
go	review: no copies are kept	TestAConfirmedSetIsLockedAndCopied,TestALockOfAnythingElseIsPutBack,TestAnUnsafeCopiesFolderIsNotTrusted,TestReviewedCopiesAreNotKeptThroughALink,TestTheReviewOnTheStartupDeskAndANamedDesk
go	review: one file is read again for each id	TestManyIdsNamingOneFileAreReadOnce
go	review: the copies folder does not ignore itself	TestAConfirmedSetIsLockedAndCopied,TestALockOfAnythingElseIsPutBack,TestTheReviewOnTheStartupDeskAndANamedDesk
go	review: the copies folder is not owner-only	TestAConfirmedSetIsLockedAndCopied,TestALockOfAnythingElseIsPutBack,TestTheEarlierCopiesShownAreBounded,TestTheReviewOnTheStartupDeskAndANamedDesk,TestTheReviewShowsEveryFileAndTheRuntimesFindings
go	review: the earlier copies are not bounded	TestTheEarlierCopiesShownAreBounded
go	review: the files shown are read again	TestTheBytesShownAreTheBytesConfirmed
go	review: the lock is not checked against the reading	TestAFileChangedDuringTheLockPutsThePreviousLockBack,TestALockOfAnythingElseIsPutBack
go	review: the lock's configuration digest is not compared	TestALockOfAnythingElseIsPutBack
go	review: the lock's graphs are not read	TestALockOfAnythingElseIsPutBack
go	review: the previous lock is not put back	TestAFileChangedDuringTheLockPutsThePreviousLockBack,TestALockOfAnythingElseIsPutBack,TestARefusedLockPutsThePreviousLockBack
go	review: the reading budget is checked late	TestTheReadingBudgetStopsTheReviewBeforeItIsPassed
go	review: the review reads the lock's packs for a graph	TestALockOfAnythingElseIsPutBack
go	review: the runtime verifies the project, not the reading	TestTheBytesShownAreTheBytesConfirmed
go	review: the runtime's detail is dropped	TestTheReviewShowsEveryFileAndTheRuntimesFindings
go	review: the startup desk reviews another configuration	TestTheReviewOnTheStartupDeskAndANamedDesk
go	review: verify searches for its configuration	TestTheReviewShowsEveryFileAndTheRuntimesFindings
go	rotation list: a later key is not the one a rotation hands over to	TestTheListOfKeysIsHeldToTheSidecar
go	rotation list: a list that disagrees with the sidecar is passed	TestTheListOfKeysIsHeldToTheSidecar,TestWhatChangedWhileARotationFinishedIsNotWrittenOver
go	rotation list: a rotation at another sequence agrees	TestTheListOfKeysIsHeldToTheSidecar
go	rotation list: a rotation made by another key agrees	TestTheListOfKeysIsHeldToTheSidecar
go	rotation list: the sidecar's count of rotations is not compared	TestTheListOfKeysIsHeldToTheSidecar
go	rotation recovery: a next key the sidecar names elsewhere is removed	TestARotationDeskCannotTellAboutChangesNothing
go	rotation recovery: a rotation made by another key is finished	TestARotationFromElsewhereIsLeftAsItIs
go	rotation recovery: a settled rotation leaves its marker	TestAStoppedRotationIsFinishedOrUndoneAtTheNextStart
go	rotation recovery: an undone rotation leaves its next key	TestAStoppedRotationIsFinishedOrUndoneAtTheNextStart,TestTheRecoveryRemovesOnlyWhatItInspected
go	rotation recovery: no next key and keys that disagree is nothing left	TestARotationFromElsewhereIsLeftAsItIs
go	rotation recovery: the start does not look for rotations	TestARotationDeskCannotTellAboutChangesNothing,TestAStoppedRotationIsFinishedOrUndoneAtTheNextStart,TestTheLockIsHeldFromTheFirstLookToTheLastChange,TestTheRecoveryChangesNothingWhileTheLockIsHeld,TestTheRecoveryRemovesOnlyWhatItInspected,TestTheStartActsOnlyOnADesksOwnMarker,TestWithNoLockTheStartRemovesNothing
go	rotation sidecar: a line a write left incomplete is read	TestTheListOfKeysIsHeldToTheSidecar
go	rotation sidecar: a line with a member more is read	TestTheListOfKeysIsHeldToTheSidecar
go	rotation sidecar: a member named twice is read	TestTheListOfKeysIsHeldToTheSidecar
go	rotation sidecar: a record's signature does not count as one since	TestARotationIsMadeOnlyWhereItCanBe,TestARotationRunsItsStepsInOrder
go	rotation sidecar: a rotation does not start the count again	TestARotationIsMadeOnlyWhereItCanBe,TestARotationRunsItsStepsInOrder
go	rotation sidecar: one that cannot be read is read as empty	TestARefusalDeskCannotCheckLeavesTheNextKey,TestARotationDeskCannotTellAboutChangesNothing,TestARotationIsMadeOnlyWhereItCanBe,TestTheListOfKeysIsHeldToTheSidecar
go	rotation: a next key replaced before the rename is renamed	TestWhatChangedWhileARotationFinishedIsNotWrittenOver
go	rotation: a panic leaves the desk's key lock held	TestAPanicInARotationLeavesTheDeskWorking
go	rotation: a refusal is taken as proof that nothing was written	TestARefusalDeskCannotCheckLeavesTheNextKey,TestARotationTheRuntimeRefusesChangesNothing
go	rotation: a refusal names a path	TestARotationsAnswersNameNoPath
go	rotation: a refusal says the current key still signs	TestARotationTheRuntimeDidNotWriteSaysDeskKeptItsKey,TestARotationTheRuntimeRefusesChangesNothing,TestARotationsAnswersNameNoPath,TestAnAnswerThatIsNotTheRotationAskedForIsNotTakenForOne
go	rotation: a refused rotation leaves its marker	TestARotationTheRuntimeDidNotWriteSaysDeskKeptItsKey,TestARotationTheRuntimeRefusesChangesNothing,TestARotationThroughAReplacedSigningFolderMakesNothing,TestARotationsAnswersNameNoPath,TestAnAnswerThatIsNotTheRotationAskedForIsNotTakenForOne
go	rotation: a refused rotation leaves its next key	TestARotationTheRuntimeDidNotWriteSaysDeskKeptItsKey,TestARotationTheRuntimeRefusesChangesNothing,TestARotationThroughAReplacedSigningFolderMakesNothing,TestARotationsAnswersNameNoPath,TestAnAnswerThatIsNotTheRotationAskedForIsNotTakenForOne
go	rotation: a rename made is said as not made	TestWhatChangedWhileARotationFinishedIsNotWrittenOver
go	rotation: a runtime that does not read 6 is asked	TestARotationIsMadeOnlyWhereItCanBe
go	rotation: an answer at no record is taken	TestAnAnswerThatIsNotTheRotationAskedForIsNotTakenForOne
go	rotation: an answer from another key is taken	TestAnAnswerThatIsNotTheRotationAskedForIsNotTakenForOne
go	rotation: an answer of another command is taken	TestAnAnswerThatIsNotTheRotationAskedForIsNotTakenForOne
go	rotation: an answer of another status is taken	TestAnAnswerThatIsNotTheRotationAskedForIsNotTakenForOne
go	rotation: an answer to another key is taken	TestAnAnswerThatIsNotTheRotationAskedForIsNotTakenForOne
go	rotation: an answer to another keyId is taken	TestAnAnswerThatIsNotTheRotationAskedForIsNotTakenForOne
go	rotation: an unfinished rotation is answered as rotated	TestWhatChangedWhileARotationFinishedIsNotWrittenOver
go	rotation: offered on the startup desk	TestARotationIsMadeOnlyWhereItCanBe
go	rotation: offered over a rotation that did not finish	TestAPanicInARotationLeavesTheDeskWorking,TestARotationDeskCannotTellAboutChangesNothing,TestARotationFromElsewhereIsLeftAsItIs,TestARotationIsMadeOnlyWhereItCanBe,TestARotationTheRuntimeDidNotWriteSaysDeskKeptItsKey,TestARotationsAnswersNameNoPath,TestAStartRenamesNoKeyAgainstAListPutBackSinceItsInspection,TestWhatChangedWhileARotationFinishedIsNotWrittenOver
go	rotation: offered past the key list's bound	TestNoRotationPastTheKeyListsBound
go	rotation: offered where the sidecar cannot be read	TestARotationIsMadeOnlyWhereItCanBe
go	rotation: offered with no record since the last rotation	TestARotationIsMadeOnlyWhereItCanBe,TestARotationRunsItsStepsInOrder
go	rotation: the folder is not checked before generate	TestARotationThroughAReplacedSigningFolderMakesNothing
go	rotation: the key lock is held while the answer is written	TestAStalledAnswerToARotationHoldsNoKeyLock
go	rotation: the list is written over a list edited in place	TestWhatChangedWhileARotationFinishedIsNotWrittenOver
go	rotation: the list is written over a list that changed	TestWhatChangedWhileARotationFinishedIsNotWrittenOver
go	rotation: the marker is not where the start looks	TestAPanicInARotationLeavesTheDeskWorking,TestARefusalDeskCannotCheckLeavesTheNextKey,TestARotationDeskCannotTellAboutChangesNothing,TestARotationFromElsewhereIsLeftAsItIs,TestARotationRunsItsStepsInOrder,TestARotationTheRuntimeDidNotWriteSaysDeskKeptItsKey,TestARotationTheRuntimeRefusesChangesNothing,TestARotationThroughAReplacedSigningFolderMakesNothing,TestARotationsAnswersNameNoPath,TestAStartRenamesNoKeyAgainstAListPutBackSinceItsInspection,TestAStoppedRotationIsFinishedOrUndoneAtTheNextStart,TestAnAnswerThatIsNotTheRotationAskedForIsNotTakenForOne,TestTheLockIsHeldFromTheFirstLookToTheLastChange,TestTheRecoveryChangesNothingWhileTheLockIsHeld,TestTheRecoveryRemovesOnlyWhatItInspected,TestWhatChangedWhileARotationFinishedIsNotWrittenOver,TestWithNoLockTheStartRemovesNothing
go	rotation: the marker stays after a rotation	TestARotationRunsItsStepsInOrder,TestARotationTheRuntimeRefusesChangesNothing,TestAStartRenamesNoKeyAgainstAListPutBackSinceItsInspection,TestAStoppedRotationIsFinishedOrUndoneAtTheNextStart,TestTheRecoveryChangesNothingWhileTheLockIsHeld,TestWhatChangedWhileARotationFinishedIsNotWrittenOver
go	rotation: the next key is renamed against a list replaced by the same bytes	TestWhatChangedWhileARotationFinishedIsNotWrittenOver
go	rotation: the next key is renamed against a list rolled back in place	TestWhatChangedWhileARotationFinishedIsNotWrittenOver
go	rotation: the next key is renamed against a list that changed since	TestAStartRenamesNoKeyAgainstAListPutBackSinceItsInspection,TestWhatChangedWhileARotationFinishedIsNotWrittenOver
go	rotation: the next key is said to sign before the rename	TestWhatChangedWhileARotationFinishedIsNotWrittenOver
go	rotation: the next key's path is not checked after generate	TestARotationThroughAReplacedSigningFolderMakesNothing
go	rotation: the panel says the current key still signs	TestARotationTheRuntimeDidNotWriteSaysDeskKeptItsKey
go	rotation: the panel's word on a rotation names a path	TestARotationsAnswersNameNoPath
go	rotation: the seed is renamed before the list is written	TestARotationRunsItsStepsInOrder,TestAStartRenamesNoKeyAgainstAListPutBackSinceItsInspection,TestAStoppedRotationIsFinishedOrUndoneAtTheNextStart,TestWhatChangedWhileARotationFinishedIsNotWrittenOver
go	rotation: the seed is renamed over a seed that changed	TestWhatChangedWhileARotationFinishedIsNotWrittenOver
go	rotation: the startup desk's request reaches the rotation	TestARotationIsMadeOnlyWhereItCanBe
go	rotation: the token binds the key alone	TestARotationIsMadeOnlyWhereItCanBe
go	rotation: the token is not checked	TestARotationIsMadeOnlyWhereItCanBe,TestAStalledAnswerToARotationHoldsNoKeyLock
go	rotation: what a failed generation left stays	TestARotationTheRuntimeRefusesChangesNothing
go	run chain: a path that begins with it forwarded	TestJobsReadsTheRunChainOnItsRouteAlone
go	run chain: a transfer that ended early passed on	TestJobsAnAbortedRunChainIsAnError
go	run chain: bound past 65,536 lines	TestJobsRefusesARunChainPastItsBound
go	run chain: cut to its bound rather than refused	TestJobsReadsAnExportUpToRunnersLimit,TestJobsRefusesARunChainPastItsBound
go	run chain: not on the route list	TestJobsReadsTheRunChainOnItsRouteAlone
go	run chain: read to the ordinary limit	TestJobsRefusesARunChainPastItsBound
go	run chain: read whole before its size is checked	TestJobsRefusesARunChainPastItsBound
go	run chain: the caller's query forwarded	TestJobsPassesTheRunChainThroughUntouched
go	run chain: type rewritten to JSON	TestJobsPassesTheRunChainThroughUntouched,TestJobsReadsTheRunChainOnItsRouteAlone
go	run chain: written with POST	TestJobsReadsTheRunChainOnItsRouteAlone
go	runner key: Runner inherits Desk's environment	TestEachDesksRunnerIsNamedAKeyOfItsOwn
go	runner key: Runner's first start does not wait for the start's sweep	TestDesksStartSweepsBeforeItsRunnerTakesTheLock
go	runner key: Runner's refusal is not reported	TestARunnerThatRefusesItsKeyStartsWithout
go	runner key: Runner's refusal read from any line of its	TestARunnerThatRefusesItsKeyStartsWithout,TestOnlyRunnersRefusalOfTheKeyIsTakenForOne,TestRunnersStandardErrorIsKeptToItsBound
go	runner key: Runner's standard error is not kept	TestARunnerThatRefusesItsKeyStartsWithout,TestWhatRunnerSignsIsReportedOnlyOnceRunnerAnswers
go	runner key: a Runner that did not start is not said	TestWhatRunnerSignsIsReportedOnlyOnceRunnerAnswers
go	runner key: a creation does not wait for the lock	TestAKeyCustodyLockHeldByAnotherProcess,TestTwoStartsNeverRemoveANamedKey
go	runner key: a creation proceeds after its bounded wait	TestACreationWaitsForTheLockAndThenRefuses,TestAKeyCustodyLockHeldByAnotherProcess,TestARotationWaitsForTheLockAndThenRefuses
go	runner key: a file replaced since its inspection is removed	TestARemovalLeavesAFileReplacedSinceItsInspection
go	runner key: a folder on the key's way said	TestARunnerKeyTheRuntimeDoesNotMakeLeavesNothing,TestEachStateARunnerKeyCanBeFoundIn,TestNoPartOfARunnerKeysPathIsSaid,TestWhatRunnerSignsIsReportedOnlyOnceRunnerAnswers
go	runner key: a key whose marker stays is named	TestARunnerKeyWhoseMarkerStaysIsNotNamed
go	runner key: a key without a marker is removed	TestARunnerKeyIsMadeOnceAndFoundAfter,TestEachStateARunnerKeyCanBeFoundIn,TestTwoStartsNeverRemoveANamedKey
go	runner key: a list naming another key is named	TestEachStateARunnerKeyCanBeFoundIn
go	runner key: a list of more than one key is named	TestEachStateARunnerKeyCanBeFoundIn
go	runner key: a lock held elsewhere is not said as in use	TestAKeyCustodyLockHeldByAnotherProcess,TestTheDesksSweepAndARunnerKeyExcludeEachOther,TestTwoStartsNeverRemoveANamedKey
go	runner key: a loose folder is not narrowed	TestTheRunnerKeysFolderIsHeldToCustody
go	runner key: a lost seed is not said	TestEachStateARunnerKeyCanBeFoundIn
go	runner key: a marked key is named	TestARemovalLeavesAFileReplacedSinceItsInspection,TestARunnerKeyWhoseMarkerStaysIsNotNamed,TestAnInterruptedRemovalIsFinishedByTheNextStart,TestAnUnfinishedRunnerKeyIsRemovedUnderTheLock,TestNeitherSweepTouchesTheOthersKey
go	runner key: a name that cannot be inspected is taken for none	TestARunnerKeyNotInspectedNowIsLeftAndNotMade
go	runner key: a name that is not one reaches a path	TestARunnerKeyNameThatIsNotHexIsRefusedBeforeAnyPath
go	runner key: a path not valid UTF-8 is named	TestARunnerKeyWhosePathIsNotUTF8IsNotNamed
go	runner key: a refusal at boot is not answered by a start without it	TestARunnerThatRefusesItsKeyStartsWithout,TestWhatRunnerSignsIsReportedOnlyOnceRunnerAnswers
go	runner key: a removal that stopped is acted on	TestAnInterruptedRemovalIsFinishedByTheNextStart
go	runner key: a seed that breaks custody's rule is named	TestEachStateARunnerKeyCanBeFoundIn
go	runner key: a seed with no list is named	TestEachStateARunnerKeyCanBeFoundIn
go	runner key: a sweep waits for the lock	TestAKeyCustodyLockHeldByAnotherProcess
go	runner key: a sweep's lock taken on runner/, not on the signing folder	TestAKeyCustodyLockHeldByAnotherProcess,TestTheDesksSweepAndARunnerKeyExcludeEachOther,TestTwoStartsNeverRemoveANamedKey
go	runner key: an inspection that failed is acted on	TestARunnerKeyNotInspectedNowIsLeftAndNotMade
go	runner key: an unfinished creation is never removed	TestAKeyCustodyLockHeldByAnotherProcess,TestARemovalLeavesAFileReplacedSinceItsInspection,TestARunnerKeyNotInspectedNowIsLeftAndNotMade,TestARunnerKeyWhoseMarkerStaysIsNotNamed,TestAnInterruptedRemovalIsFinishedByTheNextStart,TestAnUnfinishedRunnerKeyIsRemovedUnderTheLock,TestNeitherSweepTouchesTheOthersKey,TestTheDesksSweepAndARunnerKeyExcludeEachOther
go	runner key: decided without the lock	TestAKeyCustodyLockHeldByAnotherProcess,TestTheDesksSweepAndARunnerKeyExcludeEachOther,TestTwoStartsNeverRemoveANamedKey
go	runner key: desk-config does not report it	TestARunnerThatRefusesItsKeyStartsWithout,TestEachDesksRunnerIsNamedAKeyOfItsOwn
go	runner key: its folder not read now is taken for custody's refusal	TestARunnerKeyNotInspectedNowIsLeftAndNotMade
go	runner key: its folder swapped between check and open is used	TestTheRunnerKeysFolderIsHeldToCustody
go	runner key: its route answers without the guard	TestTheRunnerKeyRouteIsGuardedAndAnswersEachDesk
go	runner key: more of Runner's standard error kept	TestRunnersStandardErrorIsKeptToItsBound
go	runner key: named where its folder's path names another	TestARunnerKeyWhosePathNamesAnotherIsNotNamed
go	runner key: named where the seed was replaced while read	TestARunnerKeyWhosePathNamesAnotherIsNotNamed
go	runner key: not named on the boot line	TestARunnerThatRefusesItsKeyStartsWithout,TestEachDesksRunnerIsNamedAKeyOfItsOwn,TestTwoStartsNeverRemoveANamedKey,TestWhatRunnerSignsIsReportedOnlyOnceRunnerAnswers
go	runner key: reported unsigned before any start	TestWhatRunnerSignsIsReportedOnlyOnceRunnerAnswers
go	runner key: signed is reported before Runner answers	TestWhatRunnerSignsIsReportedOnlyOnceRunnerAnswers
go	runner key: the desks' sweep waits for the lock	TestAKeyCustodyLockHeldByAnotherProcess,TestDesksStartSweepsUnderTheLock
go	runner key: the folder opened is not held to custody	TestARunnerKeysFolderSwappedAfterItsNarrowingIsRefused
go	runner key: the key commands inherit JPACK_SIGNING_KEY	TestEachDesksRunnerIsNamedAKeyOfItsOwn
go	runner key: the key's path said whole	TestNoPartOfARunnerKeysPathIsSaid
go	runner key: the lock taken on runner/, not on the signing folder	TestAKeyCustodyLockHeldByAnotherProcess,TestTwoStartsNeverRemoveANamedKey
go	runner key: the marker is removed before the key	TestARemovalLeavesAFileReplacedSinceItsInspection,TestAnInterruptedRemovalIsFinishedByTheNextStart
go	runner key: the runtime is not asked	TestARunnerKeyIsMadeOnceAndFoundAfter,TestARunnerKeyWhosePathNamesAnotherIsNotNamed,TestEachDesksRunnerIsNamedAKeyOfItsOwn,TestEachStateARunnerKeyCanBeFoundIn
go	runner key: the runtime's refusal is taken for a read	TestEachStateARunnerKeyCanBeFoundIn
go	runner key: the startup desk's key not named by its state directory	TestEachDesksRunnerIsNamedAKeyOfItsOwn
go	runner key: what Runner answered with is not recorded	TestARunnerThatRefusesItsKeyStartsWithout,TestDesksStartSweepsBeforeItsRunnerTakesTheLock,TestEachDesksRunnerIsNamedAKeyOfItsOwn,TestTheRunnerKeyRouteIsGuardedAndAnswersEachDesk,TestTwoStartsNeverRemoveANamedKey,TestWhatRunnerSignsIsReportedOnlyOnceRunnerAnswers
go	signed desk: a failed generation's refusal names a path	TestAKeyTheRuntimeFailsToGenerateMakesNoDeskAndLeavesNoKey,TestNoPartOfTheKeysPathIsPassedOn
go	signed desk: a manifest that fails leaves the key	TestAManifestThatCannotBeWrittenLeavesNoKey
go	signed desk: a path jpack.json cannot name is used	TestASigningFolderJpackJSONCannotNameIsNotUsed
go	signed desk: a refusal at the lock names a path	TestNoPartOfTheKeysPathIsPassedOn
go	signed desk: a runtime that does not read 6 is asked for a key	TestAConfirmationIsBoundToItsDesk,TestACreationDoesNotHoldUpOtherDesks,TestADeskMadeDuringShutdownIsNotPublished,TestAFailedCreationLeavesAnotherDeskAtItsNameUntouched,TestAFailedCreationLeavesItsNeighboursUntouched,TestAFailedLockLeavesNoDesk,TestAGatedDeskHasNothingToUpgrade,TestANamedDeskRuntimeReadsOnlyItsOwnConfiguration,TestANewDeskFallsBackToVersion4WhenTheRuntimeCannotRead5,TestANewDeskStartsUnderReviewedLawWithDecidingRunsRecorded,TestAReviewOfAnUnreadableProjectKeepsTheSigningKeyOnlyOnTheStartupDesk,TestAnInheritedSigningKeyStaysWithTheStartupDesk,TestAnUpgradeConfirmationIsBoundToItsDesk,TestAnUpgradeConfirmationKeepsTheSigningKeyOnlyOnTheStartupDesk,TestDeskConfigReportsAnInheritedSigningKeyOnTheStartupDeskOnly,TestDeskConfigReportsTestedReleasesPolicy,TestDesksBeingMadeCountTowardTheBound,TestEachDesksRunnerIsNamedAKeyOfItsOwn,TestJobEventResultForwardsOnlyTheParsedRead,TestNamedDeskGuardsAndRestart,TestNamedDeskMovesWithItsConversationData,TestNamedDesksKeepFilesAndArtifactsSeparate,TestRunnerRequireTestedReleasesReachesBootLine,TestTheDesksSweepAndARunnerKeyExcludeEachOther,TestTheReviewCommandsKeepTheSigningKeyOnlyOnTheStartupDesk,TestTheReviewNamesWhatTheLockPinsForEachId,TestTheReviewOnTheStartupDeskAndANamedDesk,TestTheRunnerKeyRouteIsGuardedAndAnswersEachDesk,TestTheUpgradeOnTheStartupDeskAndANamedDesk,TestUnfinishedFoldersDoNotHoldTheRegistryShut
go	signed desk: a runtime that reads 6 is asked for no key	TestACreationWaitsForTheLockAndThenRefuses,TestADeskCustodyCannotKeepAKeyForIsMadeUnsignedAndSaysWhy,TestADeskMadeDuringShutdownLeavesNoKey,TestAKeyAlreadyKeptUnderTheIdIsNeverTouched,TestAKeyListThatIsNotTheSeedsPassesNoKey,TestAKeyTheRuntimeFailsToGenerateMakesNoDeskAndLeavesNoKey,TestAListOfKeysDeskCannotReadPassesNoKey,TestAListOfKeysSwappedWhileReadIsNotRead,TestAManifestNotReadNowKeepsItsKey,TestAManifestThatIsNotWholeIsNotAPublication,TestANewDeskIsSignedWhereTheRuntimeReads6,TestARefusalDeskCannotCheckLeavesTheNextKey,TestARotationDeskCannotTellAboutChangesNothing,TestARotationFromElsewhereIsLeftAsItIs,TestARotationIsMadeOnlyWhereItCanBe,TestARotationRunsItsStepsInOrder,TestARotationTheRuntimeRefusesChangesNothing,TestARotationThroughAReplacedSigningFolderMakesNothing,TestARotationWaitsForTheLockAndThenRefuses,TestARotationsAnswersNameNoPath,TestASigningFolderJpackJSONCannotNameIsNotUsed,TestAStoppedCreationLeavesNoKeyPastTheNextStart,TestAStoppedRotationIsFinishedOrUndoneAtTheNextStart,TestASwappedSigningFolderNeverMakesASignedDesk,TestAnAnswerThatIsNotTheRotationAskedForIsNotTakenForOne,TestEachDeskIsCheckedInItsOwnFolder,TestNoPartOfTheKeysPathIsPassedOn,TestNoRotationPastTheKeyListsBound,TestTheDecisionRecordIsUnavailableWhereTheReviewIs,TestTheDecisionRecordRunsAuditVerifyWithNoHeldInput,TestTheListOfKeysIsHeldToTheSidecar,TestTheLockIsHeldFromTheFirstLookToTheLastChange,TestThePanelPassesTheKeyDeskKeepsWithTheSeedsOwn,TestThePanelShowsTheRuntimesWordOnTheKey,TestThePanelsCommandsKeepTheSigningKeyOnlyOnTheStartupDesk,TestTheRecoveryChangesNothingWhileTheLockIsHeld,TestTheRecoveryRemovesOnlyWhatItInspected,TestTheSigningFolderIsHeldToCustody,TestTheStartActsOnlyOnADesksOwnMarker,TestTheSweepRemovesNothingWhileTheLockIsHeld,TestTheSweepRemovesOnlyWhatItInspected,TestTheTrailIsHandedOverAsExactBytes,TestTwoFirstCreationsAtOnceAreBothSigned,TestWhatChangedWhileARotationFinishedIsNotWrittenOver,TestWhereDeskKeepsNoKeyNoneIsPassed,TestWithNoLockTheStartRemovesNothing
go	signed desk: an older runtime's desk is not said to be unsigned	TestANewDeskFallsBackToVersion4WhenTheRuntimeCannotRead5,TestANewDeskStartsUnderReviewedLawWithDecidingRunsRecorded
go	signed desk: custody's reason names a path	TestADeskCustodyCannotKeepAKeyForIsMadeUnsignedAndSaysWhy,TestNoPartOfTheKeysPathIsPassedOn,TestTheSigningFolderIsHeldToCustody
go	signed desk: custody's refusal is not said	TestADeskCustodyCannotKeepAKeyForIsMadeUnsignedAndSaysWhy,TestASigningFolderJpackJSONCannotNameIsNotUsed,TestNoPartOfTheKeysPathIsPassedOn,TestTheSigningFolderIsHeldToCustody
go	signed desk: locked before the configuration is written	TestANewDeskIsSignedWhereTheRuntimeReads6,TestARotationRunsItsStepsInOrder
go	signed desk: requireComparableFacts is dropped at 6	TestACreationWaitsForTheLockAndThenRefuses,TestADeskMadeDuringShutdownLeavesNoKey,TestAKeyListThatIsNotTheSeedsPassesNoKey,TestAListOfKeysDeskCannotReadPassesNoKey,TestAListOfKeysSwappedWhileReadIsNotRead,TestAManifestNotReadNowKeepsItsKey,TestAManifestThatIsNotWholeIsNotAPublication,TestANewDeskIsSignedWhereTheRuntimeReads6,TestARefusalDeskCannotCheckLeavesTheNextKey,TestARotationDeskCannotTellAboutChangesNothing,TestARotationFromElsewhereIsLeftAsItIs,TestARotationIsMadeOnlyWhereItCanBe,TestARotationRunsItsStepsInOrder,TestARotationTheRuntimeRefusesChangesNothing,TestARotationThroughAReplacedSigningFolderMakesNothing,TestARotationWaitsForTheLockAndThenRefuses,TestARotationsAnswersNameNoPath,TestAStoppedCreationLeavesNoKeyPastTheNextStart,TestAStoppedRotationIsFinishedOrUndoneAtTheNextStart,TestASwappedSigningFolderNeverMakesASignedDesk,TestAnAnswerThatIsNotTheRotationAskedForIsNotTakenForOne,TestEachDeskIsCheckedInItsOwnFolder,TestNoPartOfTheKeysPathIsPassedOn,TestNoRotationPastTheKeyListsBound,TestTheDecisionRecordIsUnavailableWhereTheReviewIs,TestTheDecisionRecordRunsAuditVerifyWithNoHeldInput,TestTheListOfKeysIsHeldToTheSidecar,TestTheLockIsHeldFromTheFirstLookToTheLastChange,TestThePanelPassesTheKeyDeskKeepsWithTheSeedsOwn,TestThePanelShowsTheRuntimesWordOnTheKey,TestThePanelsCommandsKeepTheSigningKeyOnlyOnTheStartupDesk,TestTheRecoveryChangesNothingWhileTheLockIsHeld,TestTheRecoveryRemovesOnlyWhatItInspected,TestTheSigningFolderIsHeldToCustody,TestTheStartActsOnlyOnADesksOwnMarker,TestTheSweepRemovesOnlyWhatItInspected,TestTheTrailIsHandedOverAsExactBytes,TestTwoFirstCreationsAtOnceAreBothSigned,TestWhatChangedWhileARotationFinishedIsNotWrittenOver,TestWhereDeskKeepsNoKeyNoneIsPassed,TestWithNoLockTheStartRemovesNothing
go	signed desk: the answer calls a signed desk unsigned	TestACreationWaitsForTheLockAndThenRefuses,TestAKeyListThatIsNotTheSeedsPassesNoKey,TestAListOfKeysDeskCannotReadPassesNoKey,TestAListOfKeysSwappedWhileReadIsNotRead,TestANewDeskIsSignedWhereTheRuntimeReads6,TestARefusalDeskCannotCheckLeavesTheNextKey,TestARotationDeskCannotTellAboutChangesNothing,TestARotationFromElsewhereIsLeftAsItIs,TestARotationIsMadeOnlyWhereItCanBe,TestARotationRunsItsStepsInOrder,TestARotationTheRuntimeRefusesChangesNothing,TestARotationThroughAReplacedSigningFolderMakesNothing,TestARotationWaitsForTheLockAndThenRefuses,TestARotationsAnswersNameNoPath,TestAStoppedRotationIsFinishedOrUndoneAtTheNextStart,TestAnAnswerThatIsNotTheRotationAskedForIsNotTakenForOne,TestEachDeskIsCheckedInItsOwnFolder,TestNoPartOfTheKeysPathIsPassedOn,TestNoRotationPastTheKeyListsBound,TestTheDecisionRecordIsUnavailableWhereTheReviewIs,TestTheDecisionRecordRunsAuditVerifyWithNoHeldInput,TestTheListOfKeysIsHeldToTheSidecar,TestTheLockIsHeldFromTheFirstLookToTheLastChange,TestThePanelPassesTheKeyDeskKeepsWithTheSeedsOwn,TestThePanelShowsTheRuntimesWordOnTheKey,TestThePanelsCommandsKeepTheSigningKeyOnlyOnTheStartupDesk,TestTheRecoveryChangesNothingWhileTheLockIsHeld,TestTheRecoveryRemovesOnlyWhatItInspected,TestTheSigningFolderIsHeldToCustody,TestTheStartActsOnlyOnADesksOwnMarker,TestTheTrailIsHandedOverAsExactBytes,TestTwoFirstCreationsAtOnceAreBothSigned,TestWhatChangedWhileARotationFinishedIsNotWrittenOver,TestWhereDeskKeepsNoKeyNoneIsPassed,TestWithNoLockTheStartRemovesNothing
go	signed desk: the configuration is written before the key	TestANewDeskIsSignedWhereTheRuntimeReads6
go	signed desk: the key named is not the seed	TestACreationWaitsForTheLockAndThenRefuses,TestADeskMadeDuringShutdownLeavesNoKey,TestAKeyListThatIsNotTheSeedsPassesNoKey,TestAListOfKeysDeskCannotReadPassesNoKey,TestAListOfKeysSwappedWhileReadIsNotRead,TestAManifestNotReadNowKeepsItsKey,TestAManifestThatIsNotWholeIsNotAPublication,TestANewDeskIsSignedWhereTheRuntimeReads6,TestARefusalDeskCannotCheckLeavesTheNextKey,TestARotationDeskCannotTellAboutChangesNothing,TestARotationFromElsewhereIsLeftAsItIs,TestARotationIsMadeOnlyWhereItCanBe,TestARotationRunsItsStepsInOrder,TestARotationTheRuntimeRefusesChangesNothing,TestARotationThroughAReplacedSigningFolderMakesNothing,TestARotationWaitsForTheLockAndThenRefuses,TestARotationsAnswersNameNoPath,TestAStoppedCreationLeavesNoKeyPastTheNextStart,TestAStoppedRotationIsFinishedOrUndoneAtTheNextStart,TestASwappedSigningFolderNeverMakesASignedDesk,TestAnAnswerThatIsNotTheRotationAskedForIsNotTakenForOne,TestEachDeskIsCheckedInItsOwnFolder,TestNoPartOfTheKeysPathIsPassedOn,TestNoRotationPastTheKeyListsBound,TestTheDecisionRecordIsUnavailableWhereTheReviewIs,TestTheDecisionRecordRunsAuditVerifyWithNoHeldInput,TestTheListOfKeysIsHeldToTheSidecar,TestTheLockIsHeldFromTheFirstLookToTheLastChange,TestThePanelPassesTheKeyDeskKeepsWithTheSeedsOwn,TestThePanelShowsTheRuntimesWordOnTheKey,TestThePanelsCommandsKeepTheSigningKeyOnlyOnTheStartupDesk,TestTheRecoveryChangesNothingWhileTheLockIsHeld,TestTheRecoveryRemovesOnlyWhatItInspected,TestTheSigningFolderIsHeldToCustody,TestTheStartActsOnlyOnADesksOwnMarker,TestTheSweepRemovesOnlyWhatItInspected,TestTheTrailIsHandedOverAsExactBytes,TestTwoFirstCreationsAtOnceAreBothSigned,TestWhatChangedWhileARotationFinishedIsNotWrittenOver,TestWhereDeskKeepsNoKeyNoneIsPassed,TestWithNoLockTheStartRemovesNothing
go	signed desk: the key outlives a creation stopped by shutdown	TestADeskMadeDuringShutdownLeavesNoKey
go	signed desk: the key outlives a failed lock	TestAKeyTheRuntimeFailsToGenerateMakesNoDeskAndLeavesNoKey,TestNoPartOfTheKeysPathIsPassedOn
go	signed desk: the marker is left after publishing	TestANewDeskIsSignedWhereTheRuntimeReads6,TestARefusalDeskCannotCheckLeavesTheNextKey,TestARotationDeskCannotTellAboutChangesNothing,TestARotationFromElsewhereIsLeftAsItIs,TestARotationIsMadeOnlyWhereItCanBe,TestARotationRunsItsStepsInOrder,TestARotationTheRuntimeRefusesChangesNothing,TestARotationThroughAReplacedSigningFolderMakesNothing,TestARotationWaitsForTheLockAndThenRefuses,TestARotationsAnswersNameNoPath,TestAStoppedRotationIsFinishedOrUndoneAtTheNextStart,TestAnAnswerThatIsNotTheRotationAskedForIsNotTakenForOne,TestNoRotationPastTheKeyListsBound,TestTheLockIsHeldFromTheFirstLookToTheLastChange,TestThePanelPassesTheKeyDeskKeepsWithTheSeedsOwn,TestTheStartActsOnlyOnADesksOwnMarker,TestTwoFirstCreationsAtOnceAreBothSigned,TestWhatChangedWhileARotationFinishedIsNotWrittenOver
go	signed desk: the notice's paragraphs run together	TestANewDeskFallsBackToVersion4WhenTheRuntimeCannotRead5
go	signed desk: the seed's path is not checked before publishing	TestASwappedSigningFolderNeverMakesASignedDesk
go	signing key: desk-config reports it always	TestDeskConfigReportsAnInheritedSigningKeyOnTheStartupDeskOnly
go	signing key: desk-config reports it never	TestDeskConfigReportsAnInheritedSigningKeyOnTheStartupDeskOnly
go	signing key: false left out of the desk-config answer	TestDeskConfigReportsAnInheritedSigningKeyOnTheStartupDeskOnly
go	signing key: the inherited key is not said	TestAnInheritedSigningKeyStaysWithTheStartupDesk
go	signing key: the launch names the key's path	TestAnInheritedSigningKeyStaysWithTheStartupDesk
go	signing key: the startup desk's commands drop it	TestAReviewOfAnUnreadableProjectKeepsTheSigningKeyOnlyOnTheStartupDesk,TestAnUpgradeConfirmationKeepsTheSigningKeyOnlyOnTheStartupDesk,TestThePanelsCommandsKeepTheSigningKeyOnlyOnTheStartupDesk,TestTheReviewCommandsKeepTheSigningKeyOnlyOnTheStartupDesk
go	signing key: the startup desk's upgrade drops it	TestAnUpgradeConfirmationKeepsTheSigningKeyOnlyOnTheStartupDesk
go	signing lock: a creation lets the lock go before its marker goes	TestTheLockIsHeldFromTheFirstLookToTheLastChange
go	signing lock: a creation takes no lock	TestACreationWaitsForTheLockAndThenRefuses,TestTheLockIsHeldFromTheFirstLookToTheLastChange
go	signing lock: a rotation takes no lock	TestARotationWaitsForTheLockAndThenRefuses,TestTheLockIsHeldFromTheFirstLookToTheLastChange
go	signing lock: the recovery goes on without the lock	TestTheRecoveryChangesNothingWhileTheLockIsHeld,TestWithNoLockTheStartRemovesNothing
go	signing lock: the recovery removes by name, not what it inspected	TestTheRecoveryRemovesOnlyWhatItInspected
go	signing lock: the recovery takes no lock	TestTheLockIsHeldFromTheFirstLookToTheLastChange,TestTheRecoveryChangesNothingWhileTheLockIsHeld,TestWithNoLockTheStartRemovesNothing
go	signing lock: the sweep goes on without the lock	TestAKeyCustodyLockHeldByAnotherProcess,TestDesksStartSweepsUnderTheLock,TestTheDesksSweepAndARunnerKeyExcludeEachOther,TestTheSweepRemovesNothingWhileTheLockIsHeld,TestWithNoLockTheStartRemovesNothing
go	signing lock: the sweep removes by name, not what it inspected	TestAStoppedCreationLeavesNoKeyPastTheNextStart,TestTheSweepRemovesNothingWhileTheLockIsHeld,TestTheSweepRemovesOnlyWhatItInspected
go	signing lock: the sweep removes the marker first	TestTheSweepRemovesOnlyWhatItInspected
go	signing lock: the sweep takes no lock	TestAKeyCustodyLockHeldByAnotherProcess,TestDesksStartSweepsUnderTheLock,TestTheDesksSweepAndARunnerKeyExcludeEachOther,TestTheLockIsHeldFromTheFirstLookToTheLastChange,TestTheSweepRemovesNothingWhileTheLockIsHeld,TestWithNoLockTheStartRemovesNothing
go	spans: no cleaned spelling	TestPathSpansCoverEverySpelling
go	spans: no resolved spelling	TestPathSpansCoverEverySpelling
go	spans: no spelling as given	TestPathSpansCoverEverySpelling
go	stale staging files are not cleared at startup	TestStaleStagingFilesAreClearedAtStartup
go	startup desk: an inherited JPACK_CONFIG is dropped	TestANamedDeskRuntimeReadsOnlyItsOwnConfiguration
go	startup desk: the inherited JPACK_CONFIG is not said	TestANamedDeskRuntimeReadsOnlyItsOwnConfiguration
go	sweep: a desk that cannot be inspected loses its key	TestAKeyIsRemovedAtStartOnlyByItsMarker,TestAManifestNotReadNowKeepsItsKey
go	sweep: a key without a marker is removed	TestAStoppedCreationLeavesNoKeyPastTheNextStart,TestTheDesksSweepAndARunnerKeyExcludeEachOther,TestTheLockIsHeldFromTheFirstLookToTheLastChange
go	sweep: a published desk's key is removed	TestAStoppedCreationLeavesNoKeyPastTheNextStart
go	sweep: an unpublished creation's key is left	TestAKeyCustodyLockHeldByAnotherProcess,TestAManifestThatIsNotWholeIsNotAPublication,TestAStoppedCreationLeavesNoKeyPastTheNextStart,TestDesksStartSweepsBeforeItsRunnerTakesTheLock,TestDesksStartSweepsUnderTheLock,TestNeitherSweepTouchesTheOthersKey,TestTheDesksSweepAndARunnerKeyExcludeEachOther,TestTheSweepRemovesNothingWhileTheLockIsHeld,TestTheSweepRemovesOnlyWhatItInspected
go	sweep: does not run at start	TestAManifestNotReadNowKeepsItsKey,TestAManifestThatIsNotWholeIsNotAPublication,TestAStoppedCreationLeavesNoKeyPastTheNextStart,TestDesksStartSweepsBeforeItsRunnerTakesTheLock,TestDesksStartSweepsUnderTheLock,TestTheLockIsHeldFromTheFirstLookToTheLastChange,TestTheSweepRemovesNothingWhileTheLockIsHeld,TestTheSweepRemovesOnlyWhatItInspected,TestWithNoLockTheStartRemovesNothing
go	tested releases: =false still boots the Runner with the policy on	TestJobsPolicyFlagsReachTheBootLine,TestRunnerRequireTestedReleasesReachesBootLine
go	tested releases: boot line reads the field without deriving the policy	TestJobsPolicyFlagsReachTheBootLine,TestJobsPolicyIsOnWithoutTheStartupFlags,TestRunnerRequireTestedReleasesReachesBootLine
go	tested releases: desk-config does not report the policy	TestDeskConfigReportsTestedReleasesPolicy
go	tested releases: desk-config reads the field without deriving the policy	TestDeskConfigReportsTestedReleasesPolicy
go	tested releases: desk-config reports the policy on regardless	TestDeskConfigReportsTestedReleasesPolicy
go	tested releases: flag off by default	TestJobsPolicyFlagsReachTheBootLine
go	tested releases: off left to the Runner's own default	TestJobsPolicyFlagsReachTheBootLine,TestRunnerRequireTestedReleasesReachesBootLine
go	tested releases: parsed policy inverted on its way to the Config	TestJobsPolicyFlagsReachTheBootLine
go	tested releases: parsed policy never reaches the Config	TestJobsPolicyFlagsReachTheBootLine
go	tested releases: policy missing beside a desk-level file	TestDeskConfigReportsTestedReleasesPolicy
go	tested releases: policy missing where there is no desk-level file	TestARunnerThatRefusesItsKeyStartsWithout,TestDeskConfigReportsTestedReleasesPolicy,TestEachDesksRunnerIsNamedAKeyOfItsOwn
go	tested releases: policy off left out of the desk-config answer	TestDeskConfigReportsTestedReleasesPolicy
go	tested releases: zero-value Config turns the policy off	TestDeskConfigReportsTestedReleasesPolicy,TestJobsPolicyFlagsReachTheBootLine,TestJobsPolicyIsOnWithoutTheStartupFlags,TestRunnerRequireTestedReleasesReachesBootLine
go	the anthropic probe is not the smallest request	TestProbeSpeaksTheAnthropicProtocol
go	the child is started from the pathname again	TestAChildActuallyLandsInThePinnedDirectory,TestAMissingShellIsRefusedByNameAtTheSpawn,TestTheRuntimeStartsInTheDirectoryThatWasPinned
go	the control check runs after the value is trimmed	TestAssistantKeyRefusals
go	the endpoint's own body travels to the page	TestProbeDiagnosticsComeFromTheClosedVocabulary,TestProbeNeverRepeatsWhatTheEndpointWrote,TestProbeReportsARefusedCredential,TestTheProbeDrainsTheWholeBody
go	the key is answered to the page instead of its fingerprint	TestAssistantKeyFingerprintShape,TestAssistantKeyNeverInAResponse,TestAssistantKeyRefusals,TestTheKeyReadReportsWhereTheKeyGoes
go	the key is logged beside the event	TestAssistantKeyNeverInTheLog,TestRelayLogsNeitherTheKeyNorTheAddress,TestRelayRefusesAModelListingThatCarriesTheKey
go	the listing classifies by pathname, not through the root	TestRetargetedProjectRootIsNotAdopted
go	the logged origin carries the rest of the URL	TestALoggableOriginIsSchemeAndHostOnly,TestRelayLogsNeitherTheKeyNorTheAddress,TestTheProbeLogsAnOriginAndNothingElse
go	the page may nominate a project it is not running in	TestAPageMayNominateOnlyTheProjectThisDeskIsRunningIn,TestOnlyTheExactSpellingThisDeskReportedIsAccepted,TestTheReviewsRootNominationDoesNotSurviveIntoTheNextLaunch
go	the pre-spawn identity check is removed on the pathname path	TestThePathnameFallbackRefusesAMovedProject
go	the probe follows a redirect with the credential	TestProbeDiagnosticsComeFromTheClosedVocabulary,TestProbeDoesNotFollowARedirect
go	the probe is unbounded	TestProbeIsBounded
go	the probe presents the key to an endpoint it was not entered for	TestABindingSurvivesARestart,TestEveryCodeHasAStatusAndAWitness,TestTheReviewsRetargetSequenceReachesTheAttackerWithNothing
go	the protocol path is appended to the whole URL	TestAProbeAddressAppendsToThePathAndKeepsTheQuery,TestAProbeAddressKeepsAnEscapedPathEscaped,TestProbeKeepsAConfiguredQueryBeforeTheGeminiPageSize,TestProbeKeepsAConfiguredQueryStringAndAppendsToThePath
go	the runtime starts from the unresolved pathname	TestAChildActuallyLandsInThePinnedDirectory,TestAMissingShellIsRefusedByNameAtTheSpawn,TestRuntimeAndFileAPIShareOneProject,TestTheRuntimeStartsInTheDirectoryThatWasPinned
go	the store runs without the token and origin guard	TestAGuardedStoreWritesNothing,TestAssistantEndpointsAreGuarded,TestTheOriginGuardStandsOnEveryBearerRoute,TestTheQueryAuthorizesNothingAnywhere
go	the version header this protocol requires is dropped	TestProbeSpeaksTheAnthropicProtocol
go	the watcher is initialised from the pathname again	TestTheWatcherFollowsTheDescriptorWhereTheHostCanNameOne
go	the whole endpoint URL is logged	TestTheProbeLogsAnOriginAndNothingElse
go	trail: a file swapped while opening is served	TestAFileOrFolderSwappedWhileOpeningIsRefused
go	trail: a file system with no flock is read unlocked	TestNoTrailIsHandedOverWithoutTheLock
go	trail: a folder swapped while opening is used	TestAFileOrFolderSwappedWhileOpeningIsRefused
go	trail: a hard link is served	TestAHardLinkedFileIsRefused
go	trail: a linked audit directory is followed	TestATrailReachedThroughALinkIsRefused
go	trail: a linked trail is followed	TestATrailReachedThroughALinkIsRefused
go	trail: a lock held past the bound is waited out	TestALockHeldTooLongIsRefused
go	trail: a lock that failed is read past	TestNoTrailIsHandedOverWithoutTheLock
go	trail: a missing file is not said to be missing	TestAMissingTrailFileIsSaidToBeMissing
go	trail: a query that does not parse is taken	TestABadTrailRequestIsRefused
go	trail: a repeated file is taken	TestABadTrailRequestIsRefused
go	trail: a sidecar with no trail is said to be missing	TestAMissingTrailFileIsSaidToBeMissing
go	trail: an audit directory that climbs out is opened	TestATrailReachedThroughALinkIsRefused
go	trail: an unforeseen failure is quoted	TestAnUnforeseenFailureQuotesNoPath,TestNoTrailIsHandedOverWithoutTheLock
go	trail: another query member is taken	TestABadTrailRequestIsRefused
go	trail: any file name is taken	TestABadTrailRequestIsRefused
go	trail: available on the startup desk under another JPACK_CONFIG	TestAMissingTrailFileIsSaidToBeMissing
go	trail: no lock is taken	TestALockHeldTooLongIsRefused,TestAWriterInTheMiddleOfAnAppendIsWaitedFor,TestNoTrailIsHandedOverWithoutTheLock,TestTheSizeIsReadBeforeTheLockIsLetGo
go	trail: saved under another name	TestTheTrailIsHandedOverAsExactBytes
go	trail: served as JSON text	TestTheTrailIsHandedOverAsExactBytes
go	trail: the download's route is not served	TestABadTrailRequestIsRefused,TestAFileOrFolderSwappedWhileOpeningIsRefused,TestAHardLinkedFileIsRefused,TestALockHeldTooLongIsRefused,TestAMissingTrailFileIsSaidToBeMissing,TestATrailReachedThroughALinkIsRefused,TestAWriterInTheMiddleOfAnAppendIsWaitedFor,TestAnUnforeseenFailureQuotesNoPath,TestNoTrailIsHandedOverWithoutTheLock,TestTheSizeIsReadBeforeTheLockIsLetGo,TestTheTrailIsHandedOverAsExactBytes
go	trail: the outside refusal quotes audit.dir	TestATrailReachedThroughALinkIsRefused
go	trail: the panel names no files	TestAHardLinkedFileIsRefused,TestThePanelNamesTheFilesThereAreToDownload
go	trail: the sidecar is read under its own lock	TestAWriterInTheMiddleOfAnAppendIsWaitedFor
go	trail: the size is read after the lock is let go	TestTheSizeIsReadBeforeTheLockIsLetGo
go	trail: the stamps are read under the trail's lock	TestAWriterInTheMiddleOfAnAppendIsWaitedFor
go	upgrade key: a confirmation's choice is not the owner's	TestTheSigningChoiceIsBoundToTheOfferShown
go	upgrade key: a failed generation keeps the signing folder's lock	TestAFailedSigningUpgradeLeavesNoKeyAndNoChange,TestAStoppedSigningUpgradeIsSweptAtTheNextStart
go	upgrade key: a failed upgrade leaves the key it made	TestAFailedSigningUpgradeLeavesNoKeyAndNoChange
go	upgrade key: a jpack.json larger than Desk reads is offered	TestTheUpgradeWritesNoFileLargerThanDeskReads
go	upgrade key: a jpack.json that cannot be read now names no key	TestAStoppedSigningUpgradeIsSweptAtTheNextStart
go	upgrade key: a project at 6 is written at a lower version	TestChoosingTheSigningKeyWritesSixAndTheKeyTogether
go	upgrade key: a project not put back loses the key jpack.json may name	TestAnUpgradeNotPutBackLeavesTheKeyForTheNextStart
go	upgrade key: a refusal names a path	TestNoPathOfTheStartupKeyReachesThePage
go	upgrade key: a replaced signing folder is said as a failed write	TestAFailedSigningUpgradeLeavesNoKeyAndNoChange
go	upgrade key: a rotation is offered where jpack.json names another file	TestARotationOfTheStartupKeyFollowsWhatJpackJsonNames
go	upgrade key: a rotation is reported made where jpack.json no longer names the key	TestARotationOfTheStartupKeyFollowsWhatJpackJsonNames
go	upgrade key: a rotation's token does not bind the startup key's file	TestARotationOfTheStartupKeyFollowsWhatJpackJsonNames
go	upgrade key: a signing folder held elsewhere is made in anyway	TestTheSigningUpgradeWaitsForTheSigningFolder
go	upgrade key: another project's marker is the startup project's	TestAStoppedSigningUpgradeIsSweptAtTheNextStart
go	upgrade key: jpack.json is published naming a key whose folder was replaced	TestAFailedSigningUpgradeLeavesNoKeyAndNoChange
go	upgrade key: jpack.json names a key that was not made	TestChoosingTheSigningKeyWritesSixAndTheKeyTogether
go	upgrade key: no jpack.json is taken for one that cannot be read	TestAStoppedSigningUpgradeIsSweptAtTheNextStart
go	upgrade key: rotation offered on the startup desk with no key	TestARotationIsMadeOnlyWhereItCanBe,TestTheDecisionRecordReadsTheStartupKeyAfterTheUpgrade
go	upgrade key: rotation offered under an inherited key	TestAnInheritedKeyHoldsTheStartupKeyStill
go	upgrade key: the configuration names no key	TestChoosingTheSigningKeyWritesSixAndTheKeyTogether
go	upgrade key: the item is chosen for the owner	TestTheSigningItemIsShownOnlyWhereItCanBeKept
go	upgrade key: the item is offered on a desk Desk made	TestTheSigningItemIsShownOnlyWhereItCanBeKept
go	upgrade key: the item is offered over a chain turned off	TestTheSigningItemIsShownOnlyWhereItCanBeKept
go	upgrade key: the item is offered over a key jpack.json names	TestTheSigningItemIsShownOnlyWhereItCanBeKept
go	upgrade key: the item is offered over an audit member that is not an object	TestTheSigningItemIsShownOnlyWhereItCanBeKept
go	upgrade key: the item is offered over something kept under the project's name	TestTheSigningItemIsShownOnlyWhereItCanBeKept
go	upgrade key: the item is offered under an inherited JPACK_SIGNING_KEY	TestTheSigningItemIsShownOnlyWhereItCanBeKept
go	upgrade key: the item is offered where custody keeps no key	TestNoPathOfTheStartupKeyReachesThePage,TestTheSigningItemIsShownOnlyWhereItCanBeKept
go	upgrade key: the item is offered where the runtime reads no 6	TestTheSigningItemIsShownOnlyWhereItCanBeKept
go	upgrade key: the item is offered where the signing folder is inside the project	TestTheSigningItemIsShownOnlyWhereItCanBeKept
go	upgrade key: the key is made without the signing folder's lock	TestTheSigningUpgradeWaitsForTheSigningFolder
go	upgrade key: the key is named although its folder was replaced	TestAFailedSigningUpgradeLeavesNoKeyAndNoChange
go	upgrade key: the key is named below configVersion 6	TestChoosingTheSigningKeyWritesSixAndTheKeyTogether
go	upgrade key: the key made is not answered	TestChoosingTheSigningKeyWritesSixAndTheKeyTogether
go	upgrade key: the marker goes although the key's folder was replaced after the lock	TestAFailedSigningUpgradeLeavesNoKeyAndNoChange
go	upgrade key: the marker goes before jpack.json names the key	TestAStoppedSigningUpgradeIsSweptAtTheNextStart
go	upgrade key: the marker is left after the upgrade	TestChoosingTheSigningKeyWritesSixAndTheKeyTogether
go	upgrade key: the offer's item is not given	TestTheSigningItemIsShownOnlyWhereItCanBeKept
go	upgrade key: the project's folder as the runtime prints it is said	TestNoPathOfTheStartupKeyReachesThePage
go	upgrade key: the start leaves the startup desk's rotation	TestTheStartFinishesARotationOfTheStartupKey
go	upgrade key: the start recovers rotations only where a desks folder is	TestTheStartFinishesARotationOfTheStartupKey
go	upgrade key: the startup desk with no key is said to be a made desk's	TestTheDecisionRecordReadsTheStartupKeyAfterTheUpgrade,TestWhereDeskKeepsNoKeyNoneIsPassed
go	upgrade key: the startup desk's rotation is recovered as no desk's	TestTheStartFinishesARotationOfTheStartupKey
go	upgrade key: the startup project's key is kept under no name of its own	TestChoosingTheSigningKeyWritesSixAndTheKeyTogether
go	upgrade key: the startup project's key is named by the path as given	TestTheStartupKeyIsNamedByTheResolvedProject
go	upgrade key: the sweep leaves a stopped upgrade's key	TestAStoppedSigningUpgradeIsSweptAtTheNextStart
go	upgrade key: the sweep removes a key jpack.json names	TestAStoppedSigningUpgradeIsSweptAtTheNextStart
go	upgrade: a configuration version Desk does not know is upgraded	TestTheUpgradeOffersOnlyWhatTheRuntimeReads
go	upgrade: a failed configuration write leaves what the upgrade wrote	TestAFailedConfigurationWritePutsBackWhatTheUpgradeWrote,TestAFailedSigningUpgradeLeavesNoKeyAndNoChange,TestAnEditDuringTheUpgradeWriteIsNotOverwritten
go	upgrade: a file is compared before it is staged, not before it is published	TestAFailedSigningUpgradeLeavesNoKeyAndNoChange,TestAnEditDuringTheUpgradeWriteIsNotOverwritten
go	upgrade: a link found at publication is answered as a failure, not as stale	TestAnEditDuringTheUpgradeWriteIsNotOverwritten
go	upgrade: a token does not cover the configuration written	TestAStaleUpgradeConfirmationWritesNothing
go	upgrade: an existing audit directory is replaced	TestAnExistingAuditDirectoryIsKept,TestChoosingTheSigningKeyWritesSixAndTheKeyTogether,TestTheDecisionRecordReadsTheStartupKeyAfterTheUpgrade,TestTheSigningKeyIsAddedInsideTheAuditMember,TestUpgradedConfigKeepsEveryOtherByte
go	upgrade: an existing lock is not said	TestAnExistingLockIsSaidToDrift
go	verification export: any one version forwarded	TestJobsRefusesAnyOtherVerificationVersion
go	verification export: empty version read as none	TestJobsRefusesAnyOtherVerificationVersion
go	verification export: every route read to the export limit	TestJobsReadsAnExportUpToRunnersLimit
go	verification export: first of repeated versions forwarded	TestJobsRefusesAnyOtherVerificationVersion
go	verification export: limit past Runner's MaxExportSize	TestJobsReadsAnExportUpToRunnersLimit
go	verification export: malformed query read leniently	TestJobsRefusesAnyOtherVerificationVersion
go	verification export: read to the ordinary limit	TestJobsReadsAnExportUpToRunnersLimit
go	verification export: refused version still forwarded	TestJobsRefusesAnyOtherVerificationVersion
go	verification export: run read to the ordinary limit	TestJobsReadsAnExportUpToRunnersLimit
go	verification export: version 6 forwarded	TestJobsRefusesAnyOtherVerificationVersion
go	verification export: version forwarded on every route	TestJobsForwardsAJobsJournalWithItsCursorAlone,TestJobsForwardsVerificationVersionOnlyOnItsRoute,TestJobsReadsAnExportUpToRunnersLimit
web	component versions: unconfigured Runner shown as Unknown	src/updates/Updates.test.tsx
web	downloads: offered with no files	src/audit/trailDownloads.test.tsx
web	gates help: the signatures paragraph is not said as written	src/routes/HelpAbout.test.tsx
web	help: the tested-releases setting is not read	src/routes/HelpAbout.test.tsx
web	jobs record client: the check after a confirmation follows every change to the project	src/audit/jobsRecord.test.tsx
web	jobs standing: Runner's reviewed field is not explained	src/jobs/ReleaseStanding.test.tsx
web	jobs standing: the comparison is inverted	src/jobs/JobsView.test.tsx,src/jobs/ReleaseStanding.test.tsx,src/jobs/reviewedSet.desks.test.ts
web	new desk notice: a notice that is not words is accepted	src/desks/DeskSwitcher.test.tsx
web	record: asking again runs nothing	src/audit/decisionRecord.test.tsx,src/audit/handover.test.tsx,src/audit/repairTrail.test.tsx,src/audit/rotateSigningKey.test.tsx
web	record: every query follows the project	src/audit/decisionRecord.test.tsx,src/audit/decisionRecordLifecycle.test.tsx
web	record: not in Admin → Project	src/routes/AdminView.test.tsx
web	record: the runtime's refusal with nothing said is accepted	src/audit/decisionRecord.test.tsx
web	repair client: a discontinuity before its damaged line is read	src/audit/repairTrail.test.tsx
web	repair client: a refusal to check carries an offer	src/audit/repairTrail.test.tsx
web	repair client: an answer that is not a repair is read as one	src/audit/repairTrail.test.tsx
web	repair client: an offer without a token is read	src/audit/repairTrail.test.tsx
web	repair client: an unavailable offer with a token is read	src/audit/repairTrail.test.tsx
web	repair client: the decision record's offer is not checked	src/audit/repairTrail.test.tsx
web	repair client: the runtime's words are dropped from a refusal	src/audit/repairTrail.test.tsx
web	repair page: a refusal is not said	src/audit/repairTrail.test.tsx
web	repair page: a sentence of the confirmation is left out	src/audit/repairTrail.test.tsx
web	repair page: an offer that is not available opens a confirmation	src/audit/repairTrail.test.tsx
web	repair page: an outcome outlives a later check	src/audit/repairTrail.test.tsx
web	repair page: an outcome outlives opening the panel again	src/audit/repairTrail.test.tsx
web	repair page: the decision record is not checked again after a repair	src/audit/repairTrail.test.tsx
web	repair page: the opener runs the repair before it is confirmed	src/audit/repairTrail.test.tsx
web	repair page: the outcome is not shown beside a refusal to check	src/audit/repairTrail.test.tsx
web	repair page: the repair's sentence is not said	src/audit/repairTrail.test.tsx
web	repair page: the runtime's words are not shown	src/audit/repairTrail.test.tsx
web	repair page: the section is shown where nothing is offered	src/audit/repairTrail.test.tsx
web	repair page: why no repair is offered is not said	src/audit/repairTrail.test.tsx
web	review: a first lock's files are shown closed	src/packs/review/review.test.tsx
web	review: a stale confirmation reads as any failure	src/packs/review/review.test.tsx
web	rotation client: a rotation to another sequence is taken	src/audit/rotateSigningKey.test.tsx
web	rotation page: an outcome outlives a later check	src/audit/rotateSigningKey.test.tsx
web	rotation page: offered where the chassis offers none	src/audit/rotateSigningKey.test.tsx
web	run chain: not offered on the Jobs page	src/jobs/JobsIndex.test.tsx
web	runner key: a malformed public key read	src/jobs/runnerKey.test.tsx
web	sign-in cancel: Cancel sign-in is held until the status refresh	src/assistant/AssistantSettings.test.tsx
web	sign-in cancel: the first-connect hint shows beside the sign-in link	src/assistant/AssistantSettings.test.tsx
web	sign-in cancel: the progress line outlasts the login answer	src/assistant/AssistantSettings.test.tsx
web	signing key: config read drops the member	src/config/queries.test.tsx,src/routes/HelpAbout.test.tsx
web	tested releases: page never reads the policy	src/jobs/JobsView.test.tsx,src/jobs/ReleaseReadiness.test.tsx
web	the lock line states a verdict about the reviewed set	src/packs/edit/lockLine.test.tsx
web	upgrade key: Admin → Project does not offer it	src/packs/upgrade/upgrade.test.tsx
web	upgrade key: Admin → Project does not say why it is not offered	src/packs/upgrade/upgrade.test.tsx
web	upgrade key: a check in flight is joined after the key is made	src/audit/decisionRecord.test.tsx
web	upgrade key: a key jpack.json names is offered again	src/packs/upgrade/upgrade.test.tsx
web	upgrade key: the check after the key is made follows every change to the project	src/audit/decisionRecord.test.tsx
web	upgrade key: the client asks for the key whatever the choice	src/packs/upgrade/upgrade.test.tsx
web	upgrade key: the client sends no choice	src/packs/upgrade/upgrade.test.tsx
web	upgrade key: the client takes an item of any state	src/packs/upgrade/upgrade.test.tsx
web	upgrade key: the client takes an offer that signs without offering	src/packs/upgrade/upgrade.test.tsx
web	upgrade key: the client takes any key as the one made	src/packs/upgrade/upgrade.test.tsx
web	upgrade key: the confirmation does not carry the choice	src/packs/upgrade/upgrade.test.tsx
web	upgrade key: the costs are not shown before confirmation	src/packs/upgrade/upgrade.test.tsx
web	upgrade key: the decision record is not checked again	src/packs/upgrade/upgrade.test.tsx
web	upgrade key: the item is not listed in the offer	src/packs/upgrade/upgrade.test.tsx
web	upgrade key: the item is not listed where the gates are on	src/packs/upgrade/upgrade.test.tsx
web	upgrade key: the key made is not said	src/packs/upgrade/upgrade.test.tsx
web	upgrade key: the key's line in jpack.json is not listed	src/packs/upgrade/upgrade.test.tsx
web	upgrade key: the offer is not asked for the owner's choice	src/packs/upgrade/upgrade.test.tsx
web	upgrade key: the page chooses the item for the owner	src/packs/upgrade/upgrade.test.tsx
web	upgrade key: what a signature does not establish is not said	src/packs/upgrade/upgrade.test.tsx
web	upgrade key: why it is not offered is not said	src/packs/upgrade/upgrade.test.tsx
web	upgrade: Admin → Project does not offer it	src/packs/upgrade/upgrade.test.tsx
web	upgrade: declining requireComparableFacts asks for nothing new	src/packs/upgrade/upgrade.test.tsx
web	upgrade: the confirmation does not carry the owner's choice	src/packs/upgrade/upgrade.test.tsx
web	upgrade: the confirmation does not carry the token	src/packs/upgrade/upgrade.test.tsx
web	upgrade: the note is not on Packs	src/packs/upgrade/upgrade.test.tsx
web	upgrade: the offer is asked for with requireComparableFacts whatever the choice	src/packs/upgrade/upgrade.test.tsx
